{
    "$schema": "https://schema.management.azure.com/schemas/2019-04-01/deploymentParameters.json#",
    "contentVersion": "1.0.0.0",
    "parameters": {
        "cosmosDBName": {
            "value": "frakymctcosmos"
        },
        "rgLocation":{
            "value":"westeurope" 
         },
        "tags": {
            "value": {
              "managedBy": "@kpmg.com.fr",
              "ownedBy": "@kpmg.com.fr",
              "projectName": "KYMCHAT",
              "businessUnit": "FRA",
              "environment": "DEV",
              "dataClassification": "Public",
              "costCentre": "",
              "applicationName": "KYMCHAT"
            } 
        }
    }
}