{
    "$schema": "https://schema.management.azure.com/schemas/2019-04-01/deploymentTemplate.json#",
    "contentVersion": "1.0.0.0",
    "parameters": {
        "vnetName": {
            "type": "string"
        },
        "rgLocation":{
            "type":"string" 
        },
        "tags":{
            "type":"object",
            "metadata":{
               "description":"A list of tags to apply to all resources."
            }
        }
    },
    "variables": {},
    "resources": [
        {
            "type": "Microsoft.Network/virtualNetworks",
            "apiVersion": "2023-05-01",
            "name": "[parameters('vnetName')]",
            "location": "[parameters('rgLocation')]",
            "properties": {
                "addressSpace": {
                    "addressPrefixes": [
                        "10.102.100.0/28"
                    ]
                },
                "subnets": [
                    {
                        "name": "KYMAI-PE01",
                        "id": "[resourceId('Microsoft.Network/virtualNetworks/subnets', parameters('vnetName'), 'KYMAI-PE01')]",
                        "properties": {
                            "addressPrefix": "10.102.100.0/29",
                            "serviceEndpoints": [
                                {
                                    "service": "Microsoft.Storage",
                                    "locations": "[parameters('rgLocation')]"
                                },
                                {
                                    "service": "Microsoft.CognitiveServices",
                                    "locations": [
                                        "*"
                                    ]
                                }
                            ],
                            "delegations": [],
                            "privateEndpointNetworkPolicies": "Disabled",
                            "privateLinkServiceNetworkPolicies": "Enabled"
                        },
                        "type": "Microsoft.Network/virtualNetworks/subnets"
                    }
                ],
                "enableDdosProtection": false
            }
        },
        {
            "type": "Microsoft.Network/virtualNetworks/subnets",
            "apiVersion": "2023-05-01",
            "name": "[concat(parameters('vnetName'), '/KYMAI-PE01')]",
            "dependsOn": [
                "[resourceId('Microsoft.Network/virtualNetworks', parameters('vnetName'))]"
            ],
            "properties": {
                "addressPrefix": "10.102.100.0/29",
                "serviceEndpoints": [
                    {
                        "service": "Microsoft.Storage",
                        "locations": "[parameters('rgLocation')]"
                    },
                    {
                        "service": "Microsoft.CognitiveServices",
                        "locations": [
                            "*"
                        ]
                    }
                ],
                "delegations": [],
                "privateEndpointNetworkPolicies": "Disabled",
                "privateLinkServiceNetworkPolicies": "Enabled"
            }
        }
    ]
}