{
    "$schema": "https://schema.management.azure.com/schemas/2019-04-01/deploymentTemplate.json#",
    "contentVersion": "1.0.0.0",
    "parameters": {
      "KeyVaultname": {
        "type": "string",
        "metadata": {
          "description": "Name of the KeyVault"
        }
      },
      "servicePrincipalObjects": {
        "type": "array",
        "metadata": {
          "description": "ID of the user object in AAD"
        }
      },    
      "tenantID": {
        "type": "string",
        "defaultValue": "[subscription().tenantID]",
        "metadata": {
          "description": "The tenant which contains the deployment"
        }
      }
    },
    "resources": [
      {
        "name": "[concat(parameters('KeyVaultName'), '/', 'add')]",
        "type": "Microsoft.KeyVault/vaults/accessPolicies",
        "apiVersion": "2018-02-14",
        "properties": {
          "copy": [
                {
                  "name": "accessPolicies",
                  "count": "[length(parameters('servicePrincipalObjects'))]",
                  "input": {
                    "tenantId": "[parameters('tenantID')]",                  
                    "objectId": "[parameters('servicePrincipalObjects')[copyIndex('accessPolicies')].objectID]",             
                    "permissions": "[parameters('servicePrincipalObjects')[copyIndex('accessPolicies')].permissions]"                  
                  }
                }
              ]     
        }
      }
    ]
  }