{
    "$schema": "https://schema.management.azure.com/schemas/2019-04-01/deploymentTemplate.json#",
    "contentVersion": "1.0.0.0",
    "parameters": {
        "privateEndpointIPAddress": {
            "type": "string"
        },
        "privateEndpointNumber": {
            "type": "int",
            "defaultValue": 1,
            "metadata": {
                "description": "This is the default number it appends to the private endpoint -PE01, if for example like a storage account which has blob,table,queue, we may need 2,3,4"
            }
        },
        "resourceGroupName":{
            "type": "string"
        },
        "resourceName": {
            "type": "string"
        },
        "vnetName": {
            "type": "string"
        },
        "subnetName": {
            "type": "string"
        },
        "resourceType": {
            "type": "string",
            "allowedValues": [
                "blob",
                "file",
                "web",
                "queue",
                "table",
                "datafactory",
                "vault",
                "sqlserver",
                "account",
                "sites",
                "topic"
            ]
        },
        "location": {
            "type": "string",
            "defaultValue": "[resourceGroup().location]"
        },        
        "tags": {
            "type": "object"
        }
    },
    "variables": {
        "resourceDetails": {
            "sqlserver": {
                "resourceSuffix": ".database.windows.net",
                "resourceIdentifier": "Microsoft.Sql/servers"
            },
            "blob": {
                "resourceSuffix": ".blob.core.windows.net",
                "resourceIdentifier": "Microsoft.Storage/storageAccounts"
            },
            "queue": {
                "resourceSuffix": ".queue.core.windows.net",
                "resourceIdentifier": "Microsoft.Storage/storageAccounts"
            },
            "file": {
                "resourceSuffix": ".file.core.windows.net",
                "resourceIdentifier": "Microsoft.Storage/storageAccounts"
            },
            "table": {
                "resourceSuffix": ".table.core.windows.net",
                "resourceIdentifier": "Microsoft.Storage/storageAccounts"
            },
            "web": {
                "resourceSuffix": ".web.core.windows.net",
                "resourceIdentifier": "Microsoft.Storage/storageAccounts"
            },
            "datafactory": {
                "resourceSuffix": ".datafactory.azure.net",
                "resourceIdentifier": "Microsoft.DataFactory/factories"
            },
            "vault": {
                "resourceSuffix": ".vaultcore.azure.net",
                "resourceIdentifier": "Microsoft.KeyVault/vaults"
            },
            "account": {
                "resourceSuffix": ".privatelink.cognitiveservices.azure.com",
                "resourceIdentifier": "Microsoft.CognitiveServices/accounts"
            },
            "sites": {
                "resourceSuffix": ".azurewebsites.net",
                "resourceIdentifier": "Microsoft.Web/sites"
            },
            "topic": {
                "resourceSuffix": ".eventgrid.azure.net",
                "resourceIdentifier": "Microsoft.EventGrid/topics"
            }
        }
    },
    "resources": [
        {
            "type": "Microsoft.Network/privateEndpoints",
            "apiVersion": "2020-05-01",
            "name": "[variables('privateEndpointName')]",
            "location": "[parameters('location')]",
            "properties": {
                "privateLinkServiceConnections": [
                    {
                        "name": "[variables('privateEndpointName')]",
                        "properties": {
                            "privateLinkServiceId": "[variables('privateLinkServiceId')]",
                            "groupIds": "[createArray(parameters('resourceType'))]",
                            "privateLinkServiceConnectionState": {
                                "status": "Approved",
                                "description": "Auto-Approved",
                                "actionsRequired": "None"
                            }
                        }
                    }
                ],
                "manualPrivateLinkServiceConnections": [],
                "subnet": {
                    "id": "[concat(resourceID('Microsoft.Network/virtualNetworks', parameters('vNetName')), '/subnets/', parameters('subnetName'))]"
                },
                "customDnsConfigs": [
                    {                        
                        "ipAddresses": "[createArray(parameters('privateEndpointIPAddress'))]"
                    }
                ]
            }
        }
    ]
}