{
    "$schema": "https://schema.management.azure.com/schemas/2019-04-01/deploymentTemplate.json#",
    "contentVersion": "1.0.0.0",
    "parameters": {
        "privateEndpointName": {
            "type": "string"
        },
        "dataLakeName": {
            "type": "string"
        },
        "vnetName": {
            "type": "string"
        },
        "privateDnsZones": {
            "type": "string"
        },
        "tags": {
            "type": "object"
        },
        "rgLocation":{
            "type":"string"
         }
    },
    "variables": {},
    "resources": [
        {
            "type": "Microsoft.Network/privateEndpoints",
            "apiVersion": "2022-11-01",
            "name": "[parameters('privateEndpointName')]",
            "location": "[parameters('rgLocation')]",
            "properties": {
                "privateLinkServiceConnections": [
                    {
                        "name": "[parameters('privateEndpointName')]",
                        "id": "[concat(resourceId('Microsoft.Network/privateEndpoints', parameters('privateEndpointName')), concat('/privateLinkServiceConnections/', parameters('privateEndpointName')))]",
                        "properties": {
                            "privateLinkServiceId": "[parameters('datalakeName')]",
                            "groupIds": [
                                "blob"
                            ],
                            "privateLinkServiceConnectionState": {
                                "status": "Approved",
                                "description": "Auto-Approved",
                                "actionsRequired": "None"
                            }
                        }
                    }
                ],
                "manualPrivateLinkServiceConnections": [],
                "customNetworkInterfaceName": "[concat(parameters('privateEndpointName'), '-nic')]",
                "subnet": {
                    "id": "[concat(parameters('vnetName'), '/subnets/PE01')]"
                },
                "ipConfigurations": [],
                "customDnsConfigs": []
            }
        },
        {
            "type": "Microsoft.Network/privateEndpoints/privateDnsZoneGroups",
            "apiVersion": "2022-11-01",
            "name": "[concat(parameters('privateEndpointName'), '/default')]",
            "dependsOn": [
                "[resourceId('Microsoft.Network/privateEndpoints', parameters('privateEndpointName'))]"
            ],
            "properties": {
                "privateDnsZoneConfigs": [
                    {
                        "name": "privatelink-blob-core-windows-net",
                        "properties": {
                            "privateDnsZoneId": "[parameters('privateDnsZones')]"
                        }
                    }
                ]
            }
        }
    ]
}
