{
    "$schema": "https://schema.management.azure.com/schemas/2019-04-01/deploymentTemplate.json#",
    "contentVersion": "1.0.0.0",
    "parameters": {
        "routeTable": {
            "type": "string"
        },
        "rgLocation":{
            "type":"string" 
        },
        "tags":{
            "type":"object",
            "metadata":{
               "description":"A list of tags to apply to all resources."
            }
        }
    },
    "variables": {},
    "resources": [
        {
            "type": "Microsoft.Network/routeTables",
            "apiVersion": "2023-05-01",
            "name": "[parameters('routeTable')]",
            "location": "australiaeast",
            "properties": {
                "disableBgpRoutePropagation": true,
                "routes": []
            }
        }
    ]
}