{
   "$schema":"https://schema.management.azure.com/schemas/2015-01-01/deploymentParameters.json#",
   "contentVersion":"1.0.0.0",
   "parameters":{
      "rgName":{
         "value":"MLT-KYMCT-RG01"
      },
      "rgLocation":{
         "value":"westeurope" 
      },
      "tags": {
        "value": {
          "managedBy": "@kpmg.com",
          "ownedBy": "@kpmg.com",
          "projectName": "KYMCHAT",
          "businessUnit": "MLT",
          "environment": "DEV",
          "dataClassification": "Public",
          "costCentre": "",
          "applicationName": "KYMCHAT"
        } 
     }
   }
}