{
    "$schema":"https://schema.management.azure.com/schemas/2015-01-01/deploymentParameters.json#",
    "contentVersion":"1.0.0.0",
    "parameters":{
       "rgName":{
          "value":"<RESOURCEGROUPNAME>"
       },
       "rgLocation":{
          "value":"australiaeast" 
       },
       "tags": {
         "value": {
           "managedBy": "astevenson3@kpmg.com.au",
           "ownedBy": "rstephan1@kpmg.com.au",
           "projectName": "KYMCHAT",
           "businessUnit": "Management Consulting",
           "environment": "DEV",
           "dataClassification": "KPMG-Confidential",
           "costCentre": "D0159N",
           "applicationName": "KYMCHAT"
         } 
      }
    }
 }