{
    "$schema":"https://schema.management.azure.com/schemas/2015-01-01/deploymentParameters.json#",
    "contentVersion":"1.0.0.0",
    "parameters":{
       "rgName":{
          "value":"USA-KYMCT-RG01"
       },
       "rgLocation":{
          "value":"eastus" 
       },
       "tags": {
         "value": {
           "managedBy": "@kpmg.com",
           "ownedBy": "@kpmg.com",
           "projectName": "KYMCHAT",
           "businessUnit": "FRA",
           "environment": "DEV",
           "dataClassification": "Public",
           "costCentre": "",
           "applicationName": "KYMCHAT"
         } 
      }
    }
 }