{
  "$schema": "https://schema.management.azure.com/schemas/2019-04-01/deploymentTemplate.json#",
  "contentVersion": "1.0.0.0",
  "parameters": {
      "cosmosDBName": {
          "type": "string"
      },
      "rgLocation":{
        "type":"string" 
     },
    "tags":{
        "type":"object",
        "metadata":{
           "description":"A list of tags to apply to all resources."
        }
     }
  },
  "variables": {},
  "resources": [
      {
          "type": "Microsoft.DocumentDB/mongoClusters",
          "apiVersion": "2023-03-15-preview",
          "name": "[parameters('cosmosDBName')]",
          "location": "[parameters('rgLocation')]",
          "properties": {
              "clusterStatus": "Ready",
              "administratorLogin": "kpmgdbadmin",
              "administratorLoginPassword": "kpmgMongoPassword1",
              "serverVersion": "5.0",
              "nodeGroupSpecs": [
                  {
                      "kind": "Shard",
                      "sku": "M50",
                      "diskSizeGB": 128,
                      "enableHa": false,
                      "nodeCount": 1
                  }
              ]
          }
      }
  ]
}
