{
    "$schema": "https://schema.management.azure.com/schemas/2019-04-01/deploymentParameters.json#",
    "contentVersion": "1.0.0.0",
    "parameters": {
        "resourceGroupName": {
            "value": "Kym"
        },
        "resourceName": {
            "value": "NZ-KYMCT-APP01"
        },
        "resourceType": {
            "value": "sites"
        },
        "privateEndpointNumber": {
            "value": 1
        },
        "vnetName": {
            "value": "NZ-KYMCT-VNET"
        },
        "subnetName": {
            "value": "PE01"
        },
        "privateEndpointIPAddress": {
            "value": ""
        },
        "tags": {
            "value": {
                "managedBy": "@kpmg.com.nz",
                "ownedBy": "@kpmg.com.nz",
                "projectName": "KYMCHAT",
                "businessUnit": "",
                "environment": "DEV",
                "dataClassification": "KPMG-Confidential",
                "costCentre": "",
                "applicationName": "KYMCHAT"
            }
        }
    }
}