{
    "$schema": "https://schema.management.azure.com/schemas/2019-04-01/deploymentParameters.json#",
    "contentVersion": "1.0.0.0",
    "parameters": {
        "privateEndpointName": {
            "value": "nzkymctcosmos01PE"
        },
        "cosmosName": {
            "value": "/subscriptions/<SUBSCRIPTIONID>/resourceGroups/<RESOURCEGROUPNAME>/providers/Microsoft.DocumentDB/databaseAccounts/nzkymctcosmos"
        },
        "vnetName": {
            "value": "/subscriptions/<SUBSCRIPTIONID>/resourceGroups/<RESOURCEGROUPNAME>/providers/Microsoft.Network/virtualNetworks/NZ-KYMCT-VNET"
        },
        "privateDnsZones": {
            "value": "/subscriptions/<SUBSCRIPTIONID>/resourceGroups/<RESOURCEGROUPNAME>/providers/Microsoft.Network/privateDnsZones/privatelink.documents.azure.com"
        },
        "rgLocation":{
            "value":"australiaeast" 
         },
        "tags": {
            "value": {
                "managedBy": "@kpmg.com.nz",
                "ownedBy": "@kpmg.com.nz",
                "projectName": "KYMCHAT",
                "businessUnit": "",
                "environment": "DEV",
                "dataClassification": "KPMG-Confidential",
                "costCentre": "",
                "applicationName": "KYMCHAT"
            }
        }
    }
}