{
    "$schema": "https://schema.management.azure.com/schemas/2015-01-01/deploymentParameters.json#",
    "contentVersion": "1.0.0.0",
    "parameters": {
        "openAIName": {
            "value": "MC-KYM-OAI"
        },
        "vnetName": {
            "value": "MC-KYMCT-VNET"
        },
        "vnetExternalID": {
            "value": "MC-KYMCT-VNET"
        },
        "customSubDomainName":{
            "value":"MC-kym-openai" 
        },
        "rgLocation":{
            "value":"australiaeast" 
         },
        "tags": {
            "value": {
                "applicationName": "KYMCHAT"
            } 
        }
    }
}