{
    "$schema": "https://schema.management.azure.com/schemas/2019-04-01/deploymentParameters.json#",
    "contentVersion": "1.0.0.0",
    "parameters": {
        "cosmosDBName": {
            "value": "sgpkymctcosmodbmongo"
        },
        "rgLocation":{
            "value":"southeastasia" 
         },
        "tags": {
            "value": {
                "managedBy": "@kpmg.com.sg",
                "ownedBy": "@kpmg.com.sg",
                "projectName": "KYMCHAT",
                "businessUnit": "SGP",
                "environment": "DEV",
                "dataClassification": "Public",
                "costCentre": "",
                "applicationName": "KYMCHAT"
            } 
        }
    }
}