{
    "$schema": "https://schema.management.azure.com/schemas/2019-04-01/deploymentTemplate.json#",
    "contentVersion": "1.0.0.0",
    "parameters": {
        "nicName": {
            "type": "string"
        },
        "vnetName": {
            "type": "string"
        },
        "rgLocation":{
            "type":"string" 
        },
        "tags":{
            "type":"object",
            "metadata":{
               "description":"A list of tags to apply to all resources."
            }
        }
    },
    "variables": {},
    "resources": [
        {
            "type": "Microsoft.Network/networkInterfaces",
            "apiVersion": "2023-05-01",
            "name": "[parameters('nicName')]",
            "location": "[parameters('rgLocation')]",
            "kind": "Regular",
            "properties": {
                "ipConfigurations": [
                    {
                        "name": "privateEndpointIpConfig.40875bb2-cb16-4fdf-82b8-8c67e06e929e",
                        "id": "[concat(resourceId('Microsoft.Network/networkInterfaces', parameters('nicName')), '/ipConfigurations/privateEndpointIpConfig.40875bb2-cb16-4fdf-82b8-8c67e06e929e')]",
                        "etag": "W/\"241ed084-9716-4a70-8c56-fde064d55237\"",
                        "type": "Microsoft.Network/networkInterfaces/ipConfigurations",
                        "properties": {
                            "provisioningState": "Succeeded",
                            "privateIPAddress": "10.102.100.5",
                            "privateIPAllocationMethod": "Dynamic",
                            "subnet": {
                                "id": "[concat(parameters('vnetName'), '/subnets/KYMAI-PE01')]"
                            },
                            "primary": true,
                            "privateIPAddressVersion": "IPv4",
                            "privateLinkConnectionProperties": {
                                "groupId": "account",
                                "requiredMemberName": "default",
                                "fqdns": [
                                    "ausazdev-kym-openai.openai.azure.com"
                                ]
                            }
                        }
                    }
                ],
                "dnsSettings": {
                    "dnsServers": []
                },
                "enableAcceleratedNetworking": false,
                "enableIPForwarding": false,
                "disableTcpStateTracking": false,
                "nicType": "Standard",
                "auxiliaryMode": "None",
                "auxiliarySku": "None"
            }
        }
    ]
}