{
    "$schema": "https://schema.management.azure.com/schemas/2019-04-01/deploymentParameters.json#",
    "contentVersion": "1.0.0.0",
    "parameters": {
        "privateEndpointName": {
            "value": "PHLKYMCTFR01PE"
        },
        "formRecogniserName": {
            "value": "/subscriptions/<SUBSCRIPTIONID>/resourceGroups/PHL-KYMCT-RG01/providers/Microsoft.CognitiveServices/accounts/PHL-KYMCT-FR01"
        },
        "vnetName": {
            "value": "/subscriptions/<SUBSCRIPTIONID>/resourceGroups/PHL-KYMCT-RG01/providers/Microsoft.Network/virtualNetworks/PHL-KYMCT-VNET"
        },
        "privateDNSZones": {
            "value": "/subscriptions/<SUBSCRIPTIONID>/resourceGroups/PHL-KYMCT-RG01/providers/Microsoft.Network/privateDnsZones/privatelink.cognitiveservices.azure.com"
        },
        "rgLocation":{
            "value":"australiaeast" 
         },
         "privateLink":{
            "value":"/subscriptions/<SUBSCRIPTIONID>/resourceGroups/PHL-KYMCT-RG01/providers/Microsoft.CognitiveServices/accounts/PHL-KYMCT-FR01" 
         },
         "tags": {
            "value": {
              "managedBy": "@kpmg.com.au",
              "ownedBy": "@kpmg.com.au",
              "projectName": "KYMCHAT",
              "businessUnit": "PHL",
              "environment": "DEV",
              "dataClassification": "Public",
              "costCentre": "",
              "applicationName": "KYMCHAT"
            } 
        }
    }
}