{
    "$schema": "https://schema.management.azure.com/schemas/2019-04-01/deploymentParameters.json#",
    "contentVersion": "1.0.0.0",
    "parameters": {
        "privateEndpointName": {
            "value": "PHLKYMCTDL01PE"
        },
        "dataLakeName": {
            "value": "/subscriptions/<SUBSCRIPTIONID>/resourceGroups/PHL-KYMCT-RG01/providers/Microsoft.Storage/storageAccounts/phlkymctlake"
        },
        "vnetName": {
            "value": "/subscriptions/<SUBSCRIPTIONID>/resourceGroups/PHL-KYMCT-RG01/providers/Microsoft.Network/virtualNetworks/PHL-KYMCT-VNET"
        },
        "privateDnsZones": {
            "value": "/subscriptions/<SUBSCRIPTIONID>/resourceGroups/PHL-KYMCT-RG01/providers/Microsoft.Network/privateDnsZones/privatelink.blob.core.windows.net"
        },
        "rgLocation":{
            "value":"australiaeast" 
         },
         "tags": {
            "value": {
              "managedBy": "@kpmg.com.au",
              "ownedBy": "@kpmg.com.au",
              "projectName": "KYMCHAT",
              "businessUnit": "PHL",
              "environment": "DEV",
              "dataClassification": "Public",
              "costCentre": "",
              "applicationName": "KYMCHAT"
            } 
        }
    }
}