{
    "$schema": "https://schema.management.azure.com/schemas/2019-04-01/deploymentTemplate.json#",
    "contentVersion": "1.0.0.0",
    "parameters": {
        "cosmosDBName": {
            "type": "string"
        },
        "rgLocation": {
            "type": "string"
        },
        "tags": {
            "type": "object",
            "metadata": {
                "description": "A list of tags to apply to all resources."
            }
        }
    },
    "variables": {},
    "resources": [
        {
            "type": "Microsoft.DocumentDB/databaseAccounts",
            "apiVersion": "2023-04-15",
            "name": "[parameters('cosmosDBName')]",
            "location": "[parameters('rgLocation')]",
            "tags": "[parameters('tags')]",
            "kind": "GlobalDocumentDB",
            "identity": {
                "type": "None"
            },
            "properties": {
                "publicNetworkAccess": "Enabled",
                "enableAutomaticFailover": false,
                "enableMultipleWriteLocations": false,
                "isVirtualNetworkFilterEnabled": false,
                "virtualNetworkRules": [],
                "disableKeyBasedMetadataWriteAccess": false,
                "enableFreeTier": false,
                "enableAnalyticalStorage": false,
                "analyticalStorageConfiguration": {
                    "schemaType": "WellDefined"
                },
                "databaseAccountOfferType": "Standard",
                "defaultIdentity": "FirstPartyIdentity",
                "networkAclBypass": "None",
                "disableLocalAuth": false,
                "enablePartitionMerge": false,
                "minimalTlsVersion": "Tls12",
                "consistencyPolicy": {
                    "defaultConsistencyLevel": "Session",
                    "maxIntervalInSeconds": 5,
                    "maxStalenessPrefix": 100
                },
                "locations": [
                    {
                        "locationName": "Australia East",
                        "provisioningState": "Succeeded",
                        "failoverPriority": 0,
                        "isZoneRedundant": false
                    }
                ],
                "cors": [],
                "capabilities": [],
                "ipRules": [],
                "backupPolicy": {
                    "type": "Periodic",
                    "periodicModeProperties": {
                        "backupIntervalInMinutes": 240,
                        "backupRetentionIntervalInHours": 8,
                        "backupStorageRedundancy": "Geo"
                    }
                },
                "networkAclBypassResourceIds": [],
                "keysMetadata": {}
            }
        },
        {
            "type": "Microsoft.DocumentDB/databaseAccounts/sqlDatabases",
            "apiVersion": "2023-04-15",
            "name": "[concat(parameters('cosmosDBName'), '/kym')]",
            "dependsOn": [
                "[resourceId('Microsoft.DocumentDB/databaseAccounts', parameters('cosmosDBName'))]"
            ],
            "properties": {
                "resource": {
                    "id": "kym"
                },
                "options": { "throughput": 400 }
            }
        },
        {
            "type": "Microsoft.DocumentDB/databaseAccounts/sqlDatabases",
            "apiVersion": "2023-04-15",
            "name": "[concat(parameters('cosmosDBName'), '/ToDoList')]",
            "dependsOn": [
                "[resourceId('Microsoft.DocumentDB/databaseAccounts', parameters('cosmosDBName'))]"
            ],
            "properties": {
                "resource": {
                    "id": "ToDoList"
                }
            }
        },
        {
            "type": "Microsoft.DocumentDB/databaseAccounts/sqlRoleDefinitions",
            "apiVersion": "2023-04-15",
            "name": "[concat(parameters('cosmosDBName'), '/00000000-0000-0000-0000-000000000001')]",
            "dependsOn": [
                "[resourceId('Microsoft.DocumentDB/databaseAccounts', parameters('cosmosDBName'))]"
            ],
            "properties": {
                "roleName": "Cosmos DB Built-in Data Reader",
                "type": "BuiltInRole",
                "assignableScopes": [
                    "[resourceId('Microsoft.DocumentDB/databaseAccounts', parameters('cosmosDBName'))]"
                ],
                "permissions": [
                    {
                        "dataActions": [
                            "Microsoft.DocumentDB/databaseAccounts/readMetadata",
                            "Microsoft.DocumentDB/databaseAccounts/sqlDatabases/containers/executeQuery",
                            "Microsoft.DocumentDB/databaseAccounts/sqlDatabases/containers/readChangeFeed",
                            "Microsoft.DocumentDB/databaseAccounts/sqlDatabases/containers/items/read"
                        ],
                        "notDataActions": []
                    }
                ]
            }
        },
        {
            "type": "Microsoft.DocumentDB/databaseAccounts/sqlRoleDefinitions",
            "apiVersion": "2023-04-15",
            "name": "[concat(parameters('cosmosDBName'), '/00000000-0000-0000-0000-000000000002')]",
            "dependsOn": [
                "[resourceId('Microsoft.DocumentDB/databaseAccounts', parameters('cosmosDBName'))]"
            ],
            "properties": {
                "roleName": "Cosmos DB Built-in Data Contributor",
                "type": "BuiltInRole",
                "assignableScopes": [
                    "[resourceId('Microsoft.DocumentDB/databaseAccounts', parameters('cosmosDBName'))]"
                ],
                "permissions": [
                    {
                        "dataActions": [
                            "Microsoft.DocumentDB/databaseAccounts/readMetadata",
                            "Microsoft.DocumentDB/databaseAccounts/sqlDatabases/containers/*",
                            "Microsoft.DocumentDB/databaseAccounts/sqlDatabases/containers/items/*"
                        ],
                        "notDataActions": []
                    }
                ]
            }
        },
        {
            "type": "Microsoft.DocumentDB/databaseAccounts/sqlDatabases/containers",
            "apiVersion": "2023-04-15",
            "name": "[concat(parameters('cosmosDBName'), '/ToDoList/Items')]",
            "dependsOn": [
                "[resourceId('Microsoft.DocumentDB/databaseAccounts/sqlDatabases', parameters('cosmosDBName'), 'ToDoList')]",
                "[resourceId('Microsoft.DocumentDB/databaseAccounts', parameters('cosmosDBName'))]"
            ],
            "properties": {
                "resource": {
                    "id": "Items",
                    "indexingPolicy": {
                        "indexingMode": "consistent",
                        "automatic": true,
                        "includedPaths": [
                            {
                                "path": "/*"
                            }
                        ],
                        "excludedPaths": [
                            {
                                "path": "/\"_etag\"/?"
                            }
                        ]
                    },
                    "partitionKey": {
                        "paths": [
                            "/partitionKey"
                        ],
                        "kind": "Hash"
                    },
                    "uniqueKeyPolicy": {
                        "uniqueKeys": []
                    },
                    "conflictResolutionPolicy": {
                        "mode": "LastWriterWins",
                        "conflictResolutionPath": "/_ts"
                    }
                }
            }
        },
        {
            "type": "Microsoft.DocumentDB/databaseAccounts/sqlDatabases/containers",
            "apiVersion": "2023-04-15",
            "name": "[concat(parameters('cosmosDBName'), '/kym/kymchat-messages')]",
            "dependsOn": [
                "[resourceId('Microsoft.DocumentDB/databaseAccounts/sqlDatabases', parameters('cosmosDBName'), 'kym')]",
                "[resourceId('Microsoft.DocumentDB/databaseAccounts', parameters('cosmosDBName'))]"
            ],
            "properties": {
                "resource": {
                    "id": "kymchat-messages",
                    "indexingPolicy": {
                        "indexingMode": "consistent",
                        "automatic": true,
                        "includedPaths": [
                            {
                                "path": "/*"
                            }
                        ],
                        "excludedPaths": [
                            {
                                "path": "/\"_etag\"/?"
                            }
                        ]
                    },
                    "partitionKey": {
                        "paths": [
                            "/userId"
                        ],
                        "kind": "Hash",
                        "version": 2
                    },
                    "uniqueKeyPolicy": {
                        "uniqueKeys": []
                    },
                    "conflictResolutionPolicy": {
                        "mode": "LastWriterWins",
                        "conflictResolutionPath": "/_ts"
                    }
                }
            }
        },
        {
            "type": "Microsoft.DocumentDB/databaseAccounts/sqlDatabases/containers",
            "apiVersion": "2023-04-15",
            "name": "[concat(parameters('cosmosDBName'), '/kym/kymchat-personas')]",
            "dependsOn": [
                "[resourceId('Microsoft.DocumentDB/databaseAccounts/sqlDatabases', parameters('cosmosDBName'), 'kym')]",
                "[resourceId('Microsoft.DocumentDB/databaseAccounts', parameters('cosmosDBName'))]"
            ],
            "properties": {
                "resource": {
                    "id": "kymchat-personas",
                    "indexingPolicy": {
                        "indexingMode": "consistent",
                        "automatic": true,
                        "includedPaths": [
                            {
                                "path": "/*"
                            }
                        ],
                        "excludedPaths": [
                            {
                                "path": "/\"_etag\"/?"
                            }
                        ]
                    },
                    "partitionKey": {
                        "paths": [
                            "/id"
                        ],
                        "kind": "Hash",
                        "version": 2
                    },
                    "uniqueKeyPolicy": {
                        "uniqueKeys": []
                    },
                    "conflictResolutionPolicy": {
                        "mode": "LastWriterWins",
                        "conflictResolutionPath": "/_ts"
                    }
                }
            }
        },
        {
            "type": "Microsoft.DocumentDB/databaseAccounts/sqlDatabases/containers",
            "apiVersion": "2023-04-15",
            "name": "[concat(parameters('cosmosDBName'), '/kym/kymchat-prompts')]",
            "dependsOn": [
                "[resourceId('Microsoft.DocumentDB/databaseAccounts/sqlDatabases', parameters('cosmosDBName'), 'kym')]",
                "[resourceId('Microsoft.DocumentDB/databaseAccounts', parameters('cosmosDBName'))]"
            ],
            "properties": {
                "resource": {
                    "id": "kymchat-prompts",
                    "indexingPolicy": {
                        "indexingMode": "consistent",
                        "automatic": true,
                        "includedPaths": [
                            {
                                "path": "/*"
                            }
                        ],
                        "excludedPaths": [
                            {
                                "path": "/\"_etag\"/?"
                            }
                        ],
                        "compositeIndexes": [
                            [
                                {
                                    "path": "/persona",
                                    "order": "descending"
                                },
                                {
                                    "path": "/useCase",
                                    "order": "ascending"
                                },
                                {
                                    "path": "/id",
                                    "order": "ascending"
                                }
                            ],
                            [
                                {
                                    "path": "/category",
                                    "order": "ascending"
                                },
                                {
                                    "path": "/id",
                                    "order": "ascending"
                                }
                            ],
                            [
                                {
                                    "path": "/persona",
                                    "order": "descending"
                                },
                                {
                                    "path": "/category",
                                    "order": "ascending"
                                },
                                {
                                    "path": "/id",
                                    "order": "ascending"
                                }
                            ],
                            [
                                {
                                    "path": "/useCase",
                                    "order": "ascending"
                                },
                                {
                                    "path": "/id",
                                    "order": "ascending"
                                }
                            ],
                            [
                                {
                                    "path": "/persona",
                                    "order": "descending"
                                },
                                {
                                    "path": "/id",
                                    "order": "ascending"
                                }
                            ]
                        ]
                    },
                    "partitionKey": {
                        "paths": [
                            "/id"
                        ],
                        "kind": "Hash",
                        "version": 2
                    },
                    "uniqueKeyPolicy": {
                        "uniqueKeys": []
                    },
                    "conflictResolutionPolicy": {
                        "mode": "LastWriterWins",
                        "conflictResolutionPath": "/_ts"
                    }
                }
            }
        },
        {
            "type": "Microsoft.DocumentDB/databaseAccounts/sqlDatabases/throughputSettings",
            "apiVersion": "2023-04-15",
            "name": "[concat(parameters('cosmosDBName'), '/kym/default')]",
            "dependsOn": [
                "[resourceId('Microsoft.DocumentDB/databaseAccounts/sqlDatabases', parameters('cosmosDBName'), 'kym')]",
                "[resourceId('Microsoft.DocumentDB/databaseAccounts', parameters('cosmosDBName'))]"
            ],
            "properties": {
                "resource": {
                    "throughput": 400,
                    "autoscaleSettings": {
                        "maxThroughput": 1000
                    }
                }
            }
        },
        {
            "type": "Microsoft.DocumentDB/databaseAccounts/sqlDatabases/containers/throughputSettings",
            "apiVersion": "2023-04-15",
            "name": "[concat(parameters('cosmosDBName'), '/ToDoList/Items/default')]",
            "dependsOn": [
                "[resourceId('Microsoft.DocumentDB/databaseAccounts/sqlDatabases/containers', parameters('cosmosDBName'), 'ToDoList', 'Items')]",
                "[resourceId('Microsoft.DocumentDB/databaseAccounts/sqlDatabases', parameters('cosmosDBName'), 'ToDoList')]",
                "[resourceId('Microsoft.DocumentDB/databaseAccounts', parameters('cosmosDBName'))]"
            ],
            "properties": {
                "resource": {
                    "throughput": 400
                }
            }
        }
    ]
}