{
    "$schema":"https://schema.management.azure.com/schemas/2018-05-01/subscriptionDeploymentTemplate.json#",
    "contentVersion":"1.0.0.0",
    "parameters":{
       "rgName":{
          "type":"string"
       },
       "rgLocation":{
          "type":"string"
       },
       "tags":{
          "type":"object",
          "metadata":{
             "description":"A list of tags to apply to all resources."
          }
       }
    },
    "variables":{
 
    },
    "resources":[
       {
          "type":"Microsoft.Resources/resourceGroups",
          "apiVersion":"2018-05-01",
          "location":"[parameters('rgLocation')]",
          "name":"[parameters('rgName')]",
          "tags":"[parameters('tags')]",
          "properties":{
 
          }
       }
    ],
    "outputs":{
 
    }
 }