{
   "$schema": "https://schema.management.azure.com/schemas/2019-04-01/deploymentTemplate.json#",
   "contentVersion": "1.0.0.0",
   "parameters": {
       "nsgName": {
           "defaultValue": "AUSAZDEV-KYMCT-NSG",
           "type": "string"
       }
   },
   "variables": {},
   "resources": [
       {
           "type": "Microsoft.Network/networkSecurityGroups",
           "apiVersion": "2022-11-01",
           "name": "[parameters('nsgName')]",
           "location": "[parameters('rgLocation')]",
           "properties": {
               "securityRules": []
           }
       }
   ]
}