{
    "$schema": "https://schema.management.azure.com/schemas/2019-04-01/deploymentParameters.json#",
    "contentVersion": "1.0.0.0",
    "parameters": {
        "FormRecognizerName": {
            "value":"MC-KYMCT-FR01"
        },
        "customSubDomainName":{
            "value":"MC-KYMCT-SDN01"
        },
        "rgLocation":{
            "value":"australiaeast" 
         },
        "tags": {
            "value": {
                "applicationName": "KYMCHAT"
              }
        }
    }
}