{
    "$schema": "https://schema.management.azure.com/schemas/2019-04-01/deploymentTemplate.json#",
    "contentVersion": "1.0.0.0",
    "parameters": {
        "privateEndpoint": {
            "type": "string"
        },
        "OpenAIName": {
            "type": "string"
        },
        "vnetName": {
            "type": "string"
        },
        "privateLinkName": {

            "type": "string"
        },
        "rgLocation":{
            "type":"string" 
        },
        "tags":{
            "type":"object",
            "metadata":{
               "description":"A list of tags to apply to all resources."
            }
        }
    },
    "variables": {},
    "resources": [
        {
            "type": "Microsoft.Network/privateEndpoints",
            "apiVersion": "2023-05-01",
            "name": "[parameters('privateEndpoint')]",
            "location": "[parameters('rgLocation')]",
            "properties": {
                "privateLinkServiceConnections": [
                    {
                        "name": "[parameters('privateEndpoint')]",
                        "id": "[concat(resourceId('Microsoft.Network/privateEndpoints', parameters('privateEndpoint')), concat('/privateLinkServiceConnections/', parameters('privateEndpoint')))]",
                        "properties": {
                            "privateLinkServiceId": "[parameters('OpenAIName')]",
                            "groupIds": [
                                "account"
                            ],
                            "privateLinkServiceConnectionState": {
                                "status": "Approved",
                                "description": "Approved",
                                "actionsRequired": "None"
                            }
                        }
                    }
                ],
                "manualPrivateLinkServiceConnections": [],
                "customNetworkInterfaceName": "[concat(parameters('privateEndpoint'), '-nic')]",
                "subnet": {
                    "id": "[concat(parameters('vnetName'), '/subnets/KYMAI-PE01')]"
                },
                "ipConfigurations": [],
                "customDnsConfigs": []
            }
        },
        {
            "type": "Microsoft.Network/privateEndpoints/privateDnsZoneGroups",
            "apiVersion": "2023-05-01",
            "name": "[concat(parameters('privateEndpoint'), '/default')]",
            "dependsOn": [
                "[resourceId('Microsoft.Network/privateEndpoints', parameters('privateEndpoint'))]"
            ],
            "properties": {
                "privateDnsZoneConfigs": [
                    {
                        "name": "privatelink-openai-azure-com",
                        "properties": {
                            "privateDnsZoneId": "[parameters('privateLinkName')]"
                        }
                    }
                ]
            }
        }
    ]
}