{
    "$schema": "https://schema.management.azure.com/schemas/2019-04-01/deploymentTemplate.json#",
    "contentVersion": "1.0.0.0",
    "parameters": {
        "nsgName": {
            "type": "string"
        },
        "rgLocation":{
            "type":"string" 
        },
        "tags":{
            "type":"object",
            "metadata":{
               "description":"A list of tags to apply to all resources."
            }
        }
    },
    "variables": {},
    "resources": [
        {
            "type": "Microsoft.Network/networkSecurityGroups",
            "apiVersion": "2023-05-01",
            "name": "[parameters('nsgName')]",
            "location": "[parameters('rgLocation')]",
            "properties": {
                "securityRules": [
                    {
                        "name": "AU-IntraSubnet-ALLOW-IN-NSGRULE",
                        "id": "[resourceId('Microsoft.Network/networkSecurityGroups/securityRules', parameters('nsgName'), 'AU-IntraSubnet-ALLOW-IN-NSGRULE')]",
                        "type": "Microsoft.Network/networkSecurityGroups/securityRules",
                        "properties": {
                            "description": "Allow IntraSubnet traffic",
                            "protocol": "*",
                            "sourcePortRange": "*",
                            "destinationPortRange": "*",
                            "sourceAddressPrefix": "10.102.100.0/29",
                            "destinationAddressPrefix": "10.102.100.0/29",
                            "access": "Allow",
                            "priority": 1100,
                            "direction": "Inbound",
                            "sourcePortRanges": [],
                            "destinationPortRanges": [],
                            "sourceAddressPrefixes": [],
                            "destinationAddressPrefixes": []
                        }
                    },
                    {
                        "name": "AU-STORAGESERVICETAG-ALLOW-IN-NSGRULE",
                        "id": "[resourceId('Microsoft.Network/networkSecurityGroups/securityRules', parameters('nsgName'), 'AU-STORAGESERVICETAG-ALLOW-IN-NSGRULE')]",
                        "type": "Microsoft.Network/networkSecurityGroups/securityRules",
                        "properties": {
                            "description": "Allow inbound traffic to Azure Storage",
                            "protocol": "TCP",
                            "sourcePortRange": "*",
                            "destinationPortRange": "*",
                            "sourceAddressPrefix": "Storage.australiaeast",
                            "destinationAddressPrefix": "10.102.100.0/29",
                            "access": "Allow",
                            "priority": 1110,
                            "direction": "Inbound",
                            "sourcePortRanges": [],
                            "destinationPortRanges": [],
                            "sourceAddressPrefixes": [],
                            "destinationAddressPrefixes": []
                        }
                    },
                    {
                        "name": "AU-IntraSubnet-ALLOW-OUT-NSGRULE",
                        "id": "[resourceId('Microsoft.Network/networkSecurityGroups/securityRules', parameters('nsgName'), 'AU-IntraSubnet-ALLOW-OUT-NSGRULE')]",
                        "type": "Microsoft.Network/networkSecurityGroups/securityRules",
                        "properties": {
                            "description": "Allow IntraSubnet traffic",
                            "protocol": "*",
                            "sourcePortRange": "*",
                            "destinationPortRange": "*",
                            "sourceAddressPrefix": "10.102.100.0/29",
                            "destinationAddressPrefix": "10.102.100.0/29",
                            "access": "Allow",
                            "priority": 1100,
                            "direction": "Outbound",
                            "sourcePortRanges": [],
                            "destinationPortRanges": [],
                            "sourceAddressPrefixes": [],
                            "destinationAddressPrefixes": []
                        }
                    },
                    {
                        "name": "AU-STORAGESERVICETAG-ALLOW-OUT-NSGRULE",
                        "id": "[resourceId('Microsoft.Network/networkSecurityGroups/securityRules', parameters('nsgName'), 'AU-STORAGESERVICETAG-ALLOW-OUT-NSGRULE')]",
                        "type": "Microsoft.Network/networkSecurityGroups/securityRules",
                        "properties": {
                            "description": "Allow outbound traffic to Azure Storage",
                            "protocol": "TCP",
                            "sourcePortRange": "*",
                            "destinationPortRange": "*",
                            "sourceAddressPrefix": "10.102.100.0/29",
                            "destinationAddressPrefix": "Storage.australiaeast",
                            "access": "Allow",
                            "priority": 1110,
                            "direction": "Outbound",
                            "sourcePortRanges": [],
                            "destinationPortRanges": [],
                            "sourceAddressPrefixes": [],
                            "destinationAddressPrefixes": []
                        }
                    },
                    {
                        "name": "AU-AGWICUAT-ALLOW-OUT-NSGRULE",
                        "id": "[resourceId('Microsoft.Network/networkSecurityGroups/securityRules', parameters('nsgName'), 'AU-AGWICUAT-ALLOW-OUT-NSGRULE')]",
                        "type": "Microsoft.Network/networkSecurityGroups/securityRules",
                        "properties": {
                            "protocol": "TCP",
                            "sourcePortRange": "*",
                            "destinationPortRange": "80",
                            "sourceAddressPrefix": "10.102.100.0/29",
                            "destinationAddressPrefix": "AppService.australiaeast",
                            "access": "Allow",
                            "priority": 1500,
                            "direction": "Outbound",
                            "sourcePortRanges": [],
                            "destinationPortRanges": [],
                            "sourceAddressPrefixes": [],
                            "destinationAddressPrefixes": []
                        }
                    },
                    {
                        "name": "AU-InterSubnet-DENY-OUT-NSGRULE",
                        "id": "[resourceId('Microsoft.Network/networkSecurityGroups/securityRules', parameters('nsgName'), 'AU-InterSubnet-DENY-OUT-NSGRULE')]",
                        "type": "Microsoft.Network/networkSecurityGroups/securityRules",
                        "properties": {
                            "description": "Deny outbound InterSubnet traffic",
                            "protocol": "*",
                            "sourcePortRange": "*",
                            "destinationPortRange": "*",
                            "sourceAddressPrefix": "10.102.100.0/29",
                            "destinationAddressPrefix": "10.102.100.8/29",
                            "access": "Deny",
                            "priority": 2000,
                            "direction": "Outbound",
                            "sourcePortRanges": [],
                            "destinationPortRanges": [],
                            "sourceAddressPrefixes": [],
                            "destinationAddressPrefixes": []
                        }
                    },
                    {
                        "name": "AllowCidrBlockCustom443Inbound_Cosmos_DB",
                        "id": "[resourceId('Microsoft.Network/networkSecurityGroups/securityRules', parameters('nsgName'), 'AllowCidrBlockCustom443Inbound_Cosmos_DB')]",
                        "type": "Microsoft.Network/networkSecurityGroups/securityRules",
                        "properties": {
                            "protocol": "*",
                            "sourcePortRange": "*",
                            "destinationPortRange": "443",
                            "sourceAddressPrefix": "10.102.100.0/29",
                            "destinationAddressPrefix": "10.102.100.8/29",
                            "access": "Allow",
                            "priority": 100,
                            "direction": "Inbound",
                            "sourcePortRanges": [],
                            "destinationPortRanges": [],
                            "sourceAddressPrefixes": [],
                            "destinationAddressPrefixes": []
                        }
                    },
                    {
                        "name": "AllowCidrBlockCustom443Inbound_Web_Out",
                        "id": "[resourceId('Microsoft.Network/networkSecurityGroups/securityRules', parameters('nsgName'), 'AllowCidrBlockCustom443Inbound_Web_Out')]",
                        "type": "Microsoft.Network/networkSecurityGroups/securityRules",
                        "properties": {
                            "protocol": "*",
                            "sourcePortRange": "*",
                            "destinationPortRange": "443",
                            "sourceAddressPrefix": "10.102.100.0/29",
                            "destinationAddressPrefix": "10.100.102.0/24",
                            "access": "Allow",
                            "priority": 101,
                            "direction": "Inbound",
                            "sourcePortRanges": [],
                            "destinationPortRanges": [],
                            "sourceAddressPrefixes": [],
                            "destinationAddressPrefixes": []
                        }
                    },
                    {
                        "name": "AllowCidrBlockCustom443Inbound_OpenAI_Traffic_In",
                        "id": "[resourceId('Microsoft.Network/networkSecurityGroups/securityRules', parameters('nsgName'), 'AllowCidrBlockCustom443Inbound_OpenAI_Traffic_In')]",
                        "type": "Microsoft.Network/networkSecurityGroups/securityRules",
                        "properties": {
                            "description": "Inbound traffic for azure openAi",
                            "protocol": "*",
                            "sourcePortRange": "*",
                            "destinationPortRange": "443",
                            "sourceAddressPrefix": "10.100.102.0/24",
                            "destinationAddressPrefix": "10.102.100.0/29",
                            "access": "Allow",
                            "priority": 102,
                            "direction": "Inbound",
                            "sourcePortRanges": [],
                            "destinationPortRanges": [],
                            "sourceAddressPrefixes": [],
                            "destinationAddressPrefixes": []
                        }
                    }
                ]
            }
        },
        {
            "type": "Microsoft.Network/networkSecurityGroups/securityRules",
            "apiVersion": "2023-05-01",
            "name": "[concat(parameters('nsgName'), '/AllowCidrBlockCustom443Inbound_Cosmos_DB')]",
            "dependsOn": [
                "[resourceId('Microsoft.Network/networkSecurityGroups', parameters('nsgName'))]"
            ],
            "properties": {
                "protocol": "*",
                "sourcePortRange": "*",
                "destinationPortRange": "443",
                "sourceAddressPrefix": "10.102.100.0/29",
                "destinationAddressPrefix": "10.100.102.0/24",
                "access": "Allow",
                "priority": 100,
                "direction": "Inbound",
                "sourcePortRanges": [],
                "destinationPortRanges": [],
                "sourceAddressPrefixes": [],
                "destinationAddressPrefixes": []
            }
        },
        {
            "type": "Microsoft.Network/networkSecurityGroups/securityRules",
            "apiVersion": "2023-05-01",
            "name": "[concat(parameters('nsgName'), '/AllowCidrBlockCustom443Inbound_OpenAI_Traffic_In')]",
            "dependsOn": [
                "[resourceId('Microsoft.Network/networkSecurityGroups', parameters('nsgName'))]"
            ],
            "properties": {
                "description": "Inbound traffic for azure openAi",
                "protocol": "*",
                "sourcePortRange": "*",
                "destinationPortRange": "443",
                "sourceAddressPrefix": "10.100.102.0/24",
                "destinationAddressPrefix": "10.102.100.0/29",
                "access": "Allow",
                "priority": 102,
                "direction": "Inbound",
                "sourcePortRanges": [],
                "destinationPortRanges": [],
                "sourceAddressPrefixes": [],
                "destinationAddressPrefixes": []
            }
        },
        {
            "type": "Microsoft.Network/networkSecurityGroups/securityRules",
            "apiVersion": "2023-05-01",
            "name": "[concat(parameters('nsgName'), '/AllowCidrBlockCustom443Inbound_Web_Out')]",
            "dependsOn": [
                "[resourceId('Microsoft.Network/networkSecurityGroups', parameters('nsgName'))]"
            ],
            "properties": {
                "protocol": "*",
                "sourcePortRange": "*",
                "destinationPortRange": "443",
                "sourceAddressPrefix": "10.102.100.0/29",
                "destinationAddressPrefix": "10.100.102.0/24",
                "access": "Allow",
                "priority": 101,
                "direction": "Inbound",
                "sourcePortRanges": [],
                "destinationPortRanges": [],
                "sourceAddressPrefixes": [],
                "destinationAddressPrefixes": []
            }
        },
        {
            "type": "Microsoft.Network/networkSecurityGroups/securityRules",
            "apiVersion": "2023-05-01",
            "name": "[concat(parameters('nsgName'), '/AU-AGWICUAT-ALLOW-OUT-NSGRULE')]",
            "dependsOn": [
                "[resourceId('Microsoft.Network/networkSecurityGroups', parameters('nsgName'))]"
            ],
            "properties": {
                "protocol": "TCP",
                "sourcePortRange": "*",
                "destinationPortRange": "80",
                "sourceAddressPrefix": "10.102.100.0/29",
                "destinationAddressPrefix": "AppService.australiaeast",
                "access": "Allow",
                "priority": 1500,
                "direction": "Outbound",
                "sourcePortRanges": [],
                "destinationPortRanges": [],
                "sourceAddressPrefixes": [],
                "destinationAddressPrefixes": []
            }
        },
        {
            "type": "Microsoft.Network/networkSecurityGroups/securityRules",
            "apiVersion": "2023-05-01",
            "name": "[concat(parameters('nsgName'), '/AU-InterSubnet-DENY-OUT-NSGRULE')]",
            "dependsOn": [
                "[resourceId('Microsoft.Network/networkSecurityGroups', parameters('nsgName'))]"
            ],
            "properties": {
                "description": "Deny outbound InterSubnet traffic",
                "protocol": "*",
                "sourcePortRange": "*",
                "destinationPortRange": "*",
                "sourceAddressPrefix": "10.102.100.0/29",
                "destinationAddressPrefix": "10.100.102.0/24",
                "access": "Deny",
                "priority": 2000,
                "direction": "Outbound",
                "sourcePortRanges": [],
                "destinationPortRanges": [],
                "sourceAddressPrefixes": [],
                "destinationAddressPrefixes": []
            }
        },
        {
            "type": "Microsoft.Network/networkSecurityGroups/securityRules",
            "apiVersion": "2023-05-01",
            "name": "[concat(parameters('nsgName'), '/AU-IntraSubnet-ALLOW-IN-NSGRULE')]",
            "dependsOn": [
                "[resourceId('Microsoft.Network/networkSecurityGroups', parameters('nsgName'))]"
            ],
            "properties": {
                "description": "Allow IntraSubnet traffic",
                "protocol": "*",
                "sourcePortRange": "*",
                "destinationPortRange": "*",
                "sourceAddressPrefix": "10.102.100.0/29",
                "destinationAddressPrefix": "10.102.100.0/29",
                "access": "Allow",
                "priority": 1100,
                "direction": "Inbound",
                "sourcePortRanges": [],
                "destinationPortRanges": [],
                "sourceAddressPrefixes": [],
                "destinationAddressPrefixes": []
            }
        },
        {
            "type": "Microsoft.Network/networkSecurityGroups/securityRules",
            "apiVersion": "2023-05-01",
            "name": "[concat(parameters('nsgName'), '/AU-IntraSubnet-ALLOW-OUT-NSGRULE')]",
            "dependsOn": [
                "[resourceId('Microsoft.Network/networkSecurityGroups', parameters('nsgName'))]"
            ],
            "properties": {
                "description": "Allow IntraSubnet traffic",
                "protocol": "*",
                "sourcePortRange": "*",
                "destinationPortRange": "*",
                "sourceAddressPrefix": "10.102.100.0/29",
                "destinationAddressPrefix": "10.102.100.0/29",
                "access": "Allow",
                "priority": 1100,
                "direction": "Outbound",
                "sourcePortRanges": [],
                "destinationPortRanges": [],
                "sourceAddressPrefixes": [],
                "destinationAddressPrefixes": []
            }
        },
        {
            "type": "Microsoft.Network/networkSecurityGroups/securityRules",
            "apiVersion": "2023-05-01",
            "name": "[concat(parameters('nsgName'), '/AU-STORAGESERVICETAG-ALLOW-IN-NSGRULE')]",
            "dependsOn": [
                "[resourceId('Microsoft.Network/networkSecurityGroups', parameters('nsgName'))]"
            ],
            "properties": {
                "description": "Allow inbound traffic to Azure Storage",
                "protocol": "TCP",
                "sourcePortRange": "*",
                "destinationPortRange": "*",
                "sourceAddressPrefix": "Storage.australiaeast",
                "destinationAddressPrefix": "10.102.100.0/29",
                "access": "Allow",
                "priority": 1110,
                "direction": "Inbound",
                "sourcePortRanges": [],
                "destinationPortRanges": [],
                "sourceAddressPrefixes": [],
                "destinationAddressPrefixes": []
            }
        },
        {
            "type": "Microsoft.Network/networkSecurityGroups/securityRules",
            "apiVersion": "2023-05-01",
            "name": "[concat(parameters('nsgName'), '/AU-STORAGESERVICETAG-ALLOW-OUT-NSGRULE')]",
            "dependsOn": [
                "[resourceId('Microsoft.Network/networkSecurityGroups', parameters('nsgName'))]"
            ],
            "properties": {
                "description": "Allow outbound traffic to Azure Storage",
                "protocol": "TCP",
                "sourcePortRange": "*",
                "destinationPortRange": "*",
                "sourceAddressPrefix": "10.102.100.0/29",
                "destinationAddressPrefix": "Storage.australiaeast",
                "access": "Allow",
                "priority": 1110,
                "direction": "Outbound",
                "sourcePortRanges": [],
                "destinationPortRanges": [],
                "sourceAddressPrefixes": [],
                "destinationAddressPrefixes": []
            }
        }
    ]
}