{
    "$schema": "https://schema.management.azure.com/schemas/2019-04-01/deploymentTemplate.json#",
    "contentVersion": "1.0.0.0",
    "parameters": {
        "ASName": {
            "type": "string"
        },
        "appInsightsName": {
            "type": "string",
            "defaultValue": "",
            "metadata": {
                "description": "Only needed for if you are using an appinsights to monitor this app."
            }
        },
        "kind": {
            "type": "string",
            "defaultValue": "app"
        },
        "slotName": {
            "type": "string",
            "defaultValue": "NOTTORUN"
        },
        "tags": {
            "type": "object"
        },
        "location": {
            "type": "string",
            "defaultvalue": "[resourceGroup().location]"
        }
    },
    "variables": {},
    "resources": [
        {
            "type": "Microsoft.Web/sites/config",
            "apiVersion": "2018-11-01",
            "name": "[concat(parameters('ASName'), '/appsettings')]",
            "location": "[parameters('location')]",
            "tags": "[parameters('tags')]",
            "kind": "[parameters('kind')]",
            "properties": {
                "APPINSIGHTS_INSTRUMENTATIONKEY": "[if(empty(parameters('appInsightsName')),  'None Specified during deployment',       reference(resourceId('Microsoft.Insights/components/',  parameters('appInsightsName')), '2015-05-01').InstrumentationKey         )]"
            }
        },
        {
            "condition": "[not(equals(parameters('slotName'), 'NOTTORUN'))]",
            "type": "Microsoft.Web/sites/slots/config",
            "apiVersion": "2018-11-01",
            "name": "[concat(parameters('ASName'), '/', parameters('slotName'), '/appsettings')]",
            "location": "[parameters('location')]",
            "tags": "[parameters('tags')]",
            "kind": "[parameters('kind')]",
            "properties": {
                "APPINSIGHTS_INSTRUMENTATIONKEY": "[if(empty(parameters('appInsightsName')),  'None Specified during deployment',       reference(resourceId('Microsoft.Insights/components/',  parameters('appInsightsName')), '2015-05-01').InstrumentationKey         )]"
            }
        }
    ]
}