{
    "$schema": "https://schema.management.azure.com/schemas/2019-04-01/deploymentParameters.json#",
    "contentVersion": "1.0.0.0",
    "parameters": {
        "appName": {
            "value": "FRA-KYMCT-API01"
        },
        "aspName": {
            "value": "ASP-FRA-KYMCT-APP01"
        },
        "rgLocation":{
            "value":"westeurope" 
         },
         "tags": {
            "value": {
              "managedBy": "@kpmg.com.fr",
              "ownedBy": "@kpmg.com.fr",
              "projectName": "KYMCHAT",
              "businessUnit": "FRA",
              "environment": "DEV",
              "dataClassification": "Public",
              "costCentre": "",
              "applicationName": "KYMCHAT"
            } 
        },
        "linuxFxVersion": {
            "value": "DOCKER|fra-kymct-acr.azurecr.io/ai-workbench-gpt-api:latest"
        },
        "APPINSIGHTS_INSTRUMENTATIONKEY": {
            "value": ""
        },
        "APPINSIGHTS_PROFILERFEATURE_VERSION": {
            "value": "1.0.0"
        },
        "APPINSIGHTS_SNAPSHOTFEATURE_VERSION": {
            "value": "1.0.0"
        },
        "APPLICATIONINSIGHTS_CONFIGURATION_CONTENT": {
            "value": ""
        },
        "APPLICATIONINSIGHTS_CONNECTION_STRING": {
            "value": ""
        },
        "ApplicationInsightsAgent_EXTENSION_VERSION": {
            "value": "~3"
        },
        "COSMOS_DB_ENDPOINT": {
            "value": "https://frakymctcosmos.documents.azure.com:443/"
        },
        "COSMOS_DB_KEY": {
            "value": ""
        },
        "COSMOS_DB_NAME": {
            "value": "kym"
        },
        "COSMOS_MONGODB_DB_NAME": {
            "value": "kymchatEmbeddings"
        },
        "COSMOS_MONGODB_ENDPOINT": {
            "value": "frakymctcosmodbmongo.mongocluster.cosmos.azure.com"
        },
        "COSMOS_MONGODB_KEY": {
            "value": "MongoPassword1"
        },
        "COSMOS_MONGODB_NAME": {
            "value": "kymadmin"
        },
        "DiagnosticServices_EXTENSION_VERSION": {
            "value": "~3"
        },
        "DOCKER_ENABLE_CI": {
            "value": true
        },
        "DOCKER_REGISTRY_SERVER_PASSWORD": {
            "value": ""
        },
        "DOCKER_REGISTRY_SERVER_URL": {
            "value": "https://frakymctacr01.azurecr.io"
        },
        "DOCKER_REGISTRY_SERVER_USERNAME": {
            "value": "frakymctacr01"
        },
        "InstrumentationEngine_EXTENSION_VERSION": {
            "value": "disabled"
        },
        "OPENAI_API_BASE": {
            "value": "https://.openai.azure.com/"
        },
        "OPENAI_API_BASE_EMBEDDING": {
            "value": "https://.openai.azure.com/"
        },
        "OPENAI_API_BASE_QUERY": {
            "value": "https://.openai.azure.com/"
        },
        "OPENAI_API_KEY": {
            "value": ""
        },
        "OPENAI_API_TYPE": {
            "value": "azure_ad"
        },
        "OPENAI_API_VERSION": {
            "value": "2023-05-15"
        },
        "SnapshotDebugger_EXTENSION_VERSION": {
            "value": "disabled"
        },
        "WEBSITE_HTTPLOGGING_RETENTION_DAYS": {
            "value": "30"
        },
        "WEBSITES_ENABLE_APP_SERVICE_STORAGE": {
            "value": false
        },
        "XDT_MicrosoftApplicationInsights_BaseExtensions": {
            "value": "disabled"
        },
        "XDT_MicrosoftApplicationInsights_Mode": {
            "value": "recommended"
        },
        "XDT_MicrosoftApplicationInsights_PreemptSdk": {
            "value": "disabled"
        },
        "OTEL_PYTHON_DISABLED_INSTRUMENTATIONS": {
            "value": true
        }
    }
}