{
    "$schema": "https://schema.management.azure.com/schemas/2019-04-01/deploymentParameters.json#",
    "contentVersion": "1.0.0.0",
    "parameters": {
        "privateEndpointName": {
            "value": "AUSAZPOWERKYMCTAPIMSPE"
        },
        "apiName": {
            "value": "/subscriptions/4ea4124b-6bfc-493c-92ac-eb897ea9f8f1/resourceGroups/AUSAZPOWER-KYMCT-RG01/providers/Microsoft.ApiManagement/service/ausazpowerkymctapims02"
        },
        "vnetName": {
            "value": "/subscriptions/4ea4124b-6bfc-493c-92ac-eb897ea9f8f1/resourceGroups/AUSAZPOWER-KYMCT-RG01/providers/Microsoft.Network/virtualNetworks/AUSAZPOWER-KYMCT-VNET"
        },
        "privateDnsZones": {
            "value": "/subscriptions/4ea4124b-6bfc-493c-92ac-eb897ea9f8f1/resourceGroups/AUSAZPOWER-KYMCT-RG01/providers/Microsoft.Network/privateDnsZones/privatelink.azure-api.net"
        },
        "rgLocation":{
            "value":"australiaeast" 
         },
         "tags": {
            "value": {
              "managedBy": "astevenson3@kpmg.com.au",
              "ownedBy": "rstephan1@kpmg.com.au",
              "projectName": "KYMCHAT",
              "businessUnit": "Management Consulting",
              "environment": "DEV",
              "dataClassification": "Public",
              "costCentre": "D0159N",
              "applicationName": "KYMCHAT"
            } 
        }
    }
}