{
    "$schema": "https://schema.management.azure.com/schemas/2019-04-01/deploymentParameters.json#",
    "contentVersion": "1.0.0.0",
    "parameters": {
        "privateEndpointName": {
            "value": "AUSAZSBOXKYMCTFA03PE"
        },
        "functionAppName": {
            "value": "/subscriptions/73c0e57e-9601-4519-9726-6a435d30d2bd/resourceGroups/KDN-KYMCT-RG01/providers/Microsoft.Web/sites/kdnkymchatfa03"
        },
        "vnetName": {
            "value": "/subscriptions/73c0e57e-9601-4519-9726-6a435d30d2bd/resourceGroups/KDN-KYMCT-RG01/providers/Microsoft.Network/virtualNetworks/KDN-KYMCT-VNET"
        },
        "privateDnsZones": {
            "value": "/subscriptions/73c0e57e-9601-4519-9726-6a435d30d2bd/resourceGroups/KDN-KYMCT-RG01/providers/Microsoft.Network/privateDnsZones/privatelink.azurewebsites.net"
        },
        "rgLocation":{
            "value":"westeurope" 
         },
         "tags": {
            "value": {
              "managedBy": "@kpmg.com",
              "ownedBy": "@kpmg.com",
              "projectName": "KYMCHAT",
              "businessUnit": "KDN",
              "environment": "DEV",
              "dataClassification": "Public",
              "costCentre": "",
              "applicationName": "KYMCHAT"
            } 
        }
    }
}