{
  "$schema": "https://schema.management.azure.com/schemas/2019-04-01/deploymentTemplate.json#",
  "contentVersion": "1.0.0.0",
  "parameters": {
    "appName": {
      "type": "string"
    },
    "rgLocation": {
      "type": "string"
    },
    "sku": {
      "type": "string"
    },
    "subnetID": {
      "type": "string"
    },
    "serverFarm": {
      "type": "string"
    },
    "linuxFxVersion": {
      "type": "string"
    },
    "vnetName": {
      "type": "string"
    },
    "tags":{
      "type":"object",
      "metadata":{
         "description":"A list of tags to apply to all resources."
      }
   }
  },
  "variables": {
    "appServicePlanPortalName": "[format('ASP-{0}', parameters('appName'))]"
  },
  "resources": [
    {
      "type": "Microsoft.Web/serverfarms",
      "apiVersion": "2021-02-01",
      "name": "[variables('appServicePlanPortalName')]",
      "location": "[parameters('rgLocation')]",
      "sku": {
        "name": "[parameters('sku')]"
      },
      "kind": "linux",
      "properties": {
          "perSiteScaling": false,
          "elasticScaleEnabled": false,
          "maximumElasticWorkerCount": 1,
          "isSpot": false,
          "reserved": true,
          "isXenon": false,
          "hyperV": false,
          "targetWorkerCount": 0,
          "targetWorkerSizeId": 0,
          "zoneRedundant": false
      }
    },
    {
      "type": "Microsoft.Web/sites",
      "apiVersion": "2021-02-01",
      "name": "[parameters('appName')]",
      "location": "[parameters('rgLocation')]",
      "properties": {
        "enabled": true,
        "hostNameSslStates": [
            {
                "name": "ausazdev-kymct-app01.azurewebsites.net",
                "sslState": "Disabled",
                "hostType": "Standard"
            },
            {
                "name": "ausazdev-kymct-app01.scm.azurewebsites.net",
                "sslState": "Disabled",
                "hostType": "Repository"
            }
        ],
        "serverFarmId": "[parameters('serverFarm')]",
        "reserved": true,
        "isXenon": false,
        "hyperV": false,
        "vnetRouteAllEnabled": true,
        "vnetImagePullEnabled": false,
        "vnetContentShareEnabled": false,
        "siteConfig": {
            "numberOfWorkers": 1,
            "linuxFxVersion": "NODE|18-lts",
            "acrUseManagedIdentityCreds": false,
            "alwaysOn": false,
            "http20Enabled": true,
            "functionAppScaleLimit": 0,
            "minimumElasticInstanceCount": 0
        },
        "scmSiteAlsoStopped": false,
        "clientAffinityEnabled": true,
        "clientCertEnabled": false,
        "clientCertMode": "Required",
        "hostNamesDisabled": false,
        "customDomainVerificationId": "D4842581086BE9DB8B0C6E54A81D7196D13F09E7B94CB9E1A20A21C3B078831D",
        "containerSize": 0,
        "dailyMemoryTimeQuota": 0,
        "httpsOnly": true,
        "redundancyMode": "None",
        "storageAccountRequired": false,
        "virtualNetworkSubnetId": "[parameters('subnetID')]",
        "keyVaultReferenceIdentity": "SystemAssigned"
    },
      "identity": {
        "type": "SystemAssigned"
      },
      "dependsOn": [
        "[resourceId('Microsoft.Web/serverfarms', variables('appServicePlanPortalName'))]"
      ]
    },
    {
      "type": "Microsoft.Web/sites/virtualNetworkConnections",
      "apiVersion": "2015-08-01",
      "name": "[concat(parameters('appName'), '/16ae79c3-2d50-4236-9790-d65cf3ecf9fe_WEB')]",
      "location": "[parameters('rgLocation')]",
      "dependsOn": [
          "[resourceId('Microsoft.Web/sites', parameters('appName'))]"
      ],
      "properties": {
          "vnetResourceId": "[parameters('vnetName')]",
          "isSwift": true
      }
  }
  ]
}