{
    "$schema": "https://schema.management.azure.com/schemas/2015-01-01/deploymentParameters.json#",
    "contentVersion": "1.0.0.0",
    "parameters": {
        "KeyVaultname": {
            "value": "AUSAZSBOX-KYMCT-KV02"
        },
        "servicePrincipalObjects": {
            "value": [
                {
                    "objectID": "5ef4f861-a474-4d95-b63e-5f8abe8433c6",
                    "metadata": {
                        "description": "ADO.ServicePrincipal.KYM"
                    },
                    "permissions": {
                        "keys": [],
                        "secrets": [
                            "Get",
                            "List"
                        ],
                        "certificates": [],
                        "storage": []
                    }
                }
            ]
        }
    }
}