{
    "$schema": "https://schema.management.azure.com/schemas/2015-01-01/deploymentParameters.json#",
    "contentVersion": "1.0.0.0",
    "parameters": {
        "KeyVaultname": {
            "value": "NZ-KYMCT-KV01"
        },
        "servicePrincipalObjects": {
            "value": [
                {
                    "objectID": "<Service Principal Object ID",
                    "metadata": {
                        "description": "Service Principal"
                    },
                    "permissions": {
                        "keys": [],
                        "secrets": [
                            "Get",
                            "List"
                        ],
                        "certificates": [],
                        "storage": []
                    }
                }
            ]
        }
    }
}