{
  "$schema": "https://schema.management.azure.com/schemas/2019-04-01/deploymentTemplate.json#",
  "contentVersion": "1.0.0.0",
  "parameters": {
      "dlName": {
          "type": "string"
      },
      "rgLocation":{
          "type":"string" 
      },
      "tags":{
          "type":"object",
          "metadata":{
             "description":"A list of tags to apply to all resources."
          }
      },
      "sku": {
          "type": "string"
      }
  },
  "variables": {},
  "resources": [
      {
        "type": "Microsoft.Storage/storageAccounts",
        "apiVersion": "2021-04-01",
        "name": "[parameters('dlName')]",
        "location": "[parameters('rgLocation')]",
        "sku": {
          "name": "[parameters('sku')]"
        },
        "kind": "StorageV2",
        "properties": {
          "supportsHttpsTrafficOnly": true,
          "publicNetworkAccess": "Disabled",
          "encryption": {
            "requireInfrastructureEncryption": true,
            "services": {
                "file": {
                    "keyType": "Account",
                    "enabled": true
                },
                "blob": {
                    "keyType": "Account",
                    "enabled": true
                }
            },
            "keySource": "Microsoft.Storage"
        },
          "accessTier": "Hot"
        }
      }
    ]
  }