{
    "$schema": "https://schema.management.azure.com/schemas/2015-01-01/deploymentTemplate.json#",
    "contentVersion": "1.0.0.0",
    "parameters": {
        "NSGRules": {
            "type": "array"
        },
        "tags": {
            "type": "object",
            "metadata": {
                "description": "A list of tags to apply to all resources."
            }
        }
    },
    "variables": {},
    "resources": [
        {   
            "copy": {
                "name": "NSGRulesCount",
                "count": "[length(parameters('NSGRules'))]",
                "mode": "Serial"
            },
            "type": "Microsoft.Network/networkSecurityGroups/securityRules",
            "apiVersion": "2018-08-01",
                "name": "[parameters('NSGRules')[copyIndex()].name]",
                "properties": "[parameters('NSGRules')[copyIndex()].properties]"
        }
    ]
}