{
    "$schema": "https://schema.management.azure.com/schemas/2015-01-01/deploymentParameters.json#",
    "contentVersion": "1.0.0.0",
    "parameters": {
      "nsgName": {
        "value": "AU-DSNIP-MGT-SN00-NSG"
      },
      "subnetPrefix": {
        "value": "192.168.208.32/28"
      },
      "deployStorageServiceTagNSGRules": {
        "value": false
      },
      "deploySQLServiceTagNSGRules": {
        "value": false
      },
      "deployKeyVaultServiceTagNSGRules": {
        "value": false
      },
      "deployAADServiceTagNSGRules": {
        "value": false  
      }
    }
}