{
    "$schema": "https://schema.management.azure.com/schemas/2015-01-01/deploymentTemplate.json#",
    "contentVersion": "1.0.0.0",
    "parameters": {
        "nsgName": {
            "type": "string",
            "metadata": {
              "description": "The name of the existing nsg."
            }
        },
        "countryCode": {
            "type": "string",
            "defaultValue": "AU",
            "metadata": {
              "description": "The name of the existing nsg."
            }
        },
        "location": {
            "type": "string",
            "defaultValue": "[resourceGroup().location]"
        },
        "subnetPrefix": {
            "type": "string",
            "metadata": {
              "description": "subnet prefix of the subnet"
            }
        },
        "deployStorageServiceTagNSGRules": {
            "type": "bool",
            "defaultValue": false,
            "metadata": {
              "description": "Deploy default Storage Rules. Should already be deployed as part of default networking stack."
            }
        },
        "deploySQLServiceTagNSGRules": {
            "type": "bool",
            "metadata": {
              "description": "Deploy default SQL Rules"
            }
        },
        "deployKeyVaultServiceTagNSGRules": {
            "type": "bool",
            "metadata": {
              "description": "Deploy default KeyVault Rules"
            }
        },
        "deployAADServiceTagNSGRules": {
            "type": "bool",
            "metadata": {
              "description": "Deploy default AAD Rules"
            }
        }
    },
    "variables": {},
    "resources": [
        {   "condition": "[parameters('deployStorageServiceTagNSGRules')]",
            "type": "Microsoft.Network/networkSecurityGroups/securityRules",
            "name": "[concat(parameters('nsgName'), '/', parameters('countryCode'), '-', 'STORAGESERVCETAG-ALLOW-IN-NSGRULE')]",
            "apiVersion": "2018-08-01",
            "properties": {
                "description": "Allow inbound traffic from Azure Storage",
                "protocol": "TCP",
                "sourcePortRange": "*",
                "destinationPortRange": "*",
                "sourceAddressPrefix": "[concat('Storage.', parameters('location'))]",
                "destinationAddressPrefix": "[parameters('subnetPrefix')]",
                "access": "Allow",
                "priority": 1110,
                "direction": "Inbound",
                "sourcePortRanges": [],
                "destinationPortRanges": [],
                "sourceAddressPrefixes": [],
                "destinationAddressPrefixes": []
            }
        },
        {   "condition": "[parameters('deployStorageServiceTagNSGRules')]",
            "type": "Microsoft.Network/networkSecurityGroups/securityRules",
            "name": "[concat(parameters('nsgName'), '/', parameters('countryCode'), '-', 'STORAGESERVICETAG-ALLOW-OUT-NSGRULE')]",
            "apiVersion": "2018-08-01",
            "properties": {
                "description": "Allow outbound traffic to Azure Storage",
                "protocol": "TCP",
                "sourcePortRange": "*",
                "destinationPortRange": "*",
                "sourceAddressPrefix": "[parameters('subnetPrefix')]",
                "destinationAddressPrefix": "[concat('Storage.', parameters('location'))]",
                "access": "Allow",
                "priority": 1110,
                "direction": "Outbound",
                "sourcePortRanges": [],
                "destinationPortRanges": [],
                "sourceAddressPrefixes": [],
                "destinationAddressPrefixes": []
            }
        },
        {   "condition": "[parameters('deploySQLServiceTagNSGRules')]",
            "type": "Microsoft.Network/networkSecurityGroups/securityRules",
            "name": "[concat(parameters('nsgName'), '/', parameters('countryCode'), '-', 'SQLSERVICETAG-ALLOW-OUT-NSGRULE')]",
            "apiVersion": "2018-08-01",
            "properties": {
                "description": "Allow outbound traffic to Azure SQL",
                "protocol": "TCP",
                "sourcePortRange": "*",
                "destinationPortRange": "*",
                "sourceAddressPrefix": "[parameters('subnetPrefix')]",
                "destinationAddressPrefix": "[concat('SQL.', parameters('location'))]",
                "access": "Allow",
                "priority": 1120,
                "direction": "Outbound",
                "sourcePortRanges": [],
                "destinationPortRanges": [],
                "sourceAddressPrefixes": [],
                "destinationAddressPrefixes": []
            }
        },
        {   "condition": "[parameters('deployKeyVaultServiceTagNSGRules')]",
            "type": "Microsoft.Network/networkSecurityGroups/securityRules",
            "name": "[concat(parameters('nsgName'), '/', parameters('countryCode'), '-', 'KEYVAULTSERVICETAG-ALLOW-OUT-NSGRULE')]",
            "apiVersion": "2018-08-01",
            "properties": {
                "description": "Allow outbound traffic to Azure KeyVault",
                "protocol": "TCP",
                "sourcePortRange": "*",
                "destinationPortRange": "*",
                "sourceAddressPrefix": "[parameters('subnetPrefix')]",
                "destinationAddressPrefix": "[concat('AzureKeyVault.', parameters('location'))]",
                "access": "Allow",
                "priority": 1130,
                "direction": "Outbound",
                "sourcePortRanges": [],
                "destinationPortRanges": [],
                "sourceAddressPrefixes": [],
                "destinationAddressPrefixes": []
            }
        },
        {   "condition": "[or(parameters('deployAADServiceTagNSGRules'), parameters('deployKeyVaultServiceTagNSGRules'))]",
            "type": "Microsoft.Network/networkSecurityGroups/securityRules",
            "name": "[concat(parameters('nsgName'), '/', parameters('countryCode'), '-', 'AADSERVICETAG-ALLOW-OUT-NSGRULE')]",
            "apiVersion": "2018-08-01",
            "properties": {
                "description": "Allow outbound traffic to Azure AD",
                "protocol": "TCP",
                "sourcePortRange": "*",
                "destinationPortRange": "*",
                "sourceAddressPrefix": "[parameters('subnetPrefix')]",
                "destinationAddressPrefix": "AzureActiveDirectory",
                "access": "Allow",
                "priority": 1140,
                "direction": "Outbound",
                "sourcePortRanges": [],
                "destinationPortRanges": [],
                "sourceAddressPrefixes": [],
                "destinationAddressPrefixes": []
            }
        }
    ]
}