{
    "$schema": "https://schema.management.azure.com/schemas/2019-04-01/deploymentParameters.json#",
    "contentVersion": "1.0.0.0",
    "parameters": {
        "privateDnsZones": {
            "value": "privatelink.documents.azure.com"
        },
        "vnetName": {
            "value": "/subscriptions/73c0e57e-9601-4519-9726-6a435d30d2bd/resourceGroups/SGP-KYMCT-RG01/providers/Microsoft.Network/virtualNetworks/SGP-KYMCT-VNET"
        },
        "tags": {
            "value": {
                "managedBy": "@kpmg.com.sg",
                "ownedBy": "@kpmg.com.sg",
                "projectName": "KYMCHAT",
                "businessUnit": "SGP",
                "environment": "DEV",
                "dataClassification": "Public",
                "costCentre": "",
                "applicationName": "KYMCHAT"
            } 
        }
    }
}