{
    "$schema": "https://schema.management.azure.com/schemas/2019-04-01/deploymentParameters.json#",
    "contentVersion": "1.0.0.0",
    "parameters": {
        "privateDnsZones": {
            "value": "privatelink.cognitiveservices.azure.com"
        },
        "vnetName": {
            "value": "/subscriptions/INSERT/resourceGroups/MLT-KYMCT-RG01/providers/Microsoft.Network/virtualNetworks/MLT-KYMCT-VNET"
        },
        "tags": {
            "value": {
              "managedBy": "@kpmg.com",
              "ownedBy": "@kpmg.com",
              "projectName": "KYMCHAT",
              "businessUnit": "MLT",
              "environment": "DEV",
              "dataClassification": "Public",
              "costCentre": "",
              "applicationName": "KYMCHAT"
            } 
        }
    }
}