{
    "$schema": "https://schema.management.azure.com/schemas/2019-04-01/deploymentParameters.json#",
    "contentVersion": "1.0.0.0",
    "parameters": {
        "resourceGroupName": {
            "value": "SGP-KYMCT-RG01"
        },
        "resourceName": {
            "value": "SGP-KYMCT-APP01"
        },
        "resourceType": {
            "value": "sites"
        },
        "privateEndpointNumber": {
            "value": 1
        },
        "vnetName": {
            "value": "SGP-KYMCT-VNET"
        },
        "subnetName": {
            "value": "PE01"
        },
        "privateEndpointIPAddress": {
            "value": ""
        },
        "tags": {
            "value": {
              "managedBy": "@kpmg.com.sg",
              "ownedBy": "@kpmg.com.sg",
              "projectName": "KYMCHAT",
              "businessUnit": "SGP",
              "environment": "DEV",
              "dataClassification": "Public",
              "costCentre": "",
              "applicationName": "KYMCHAT"
            } 
        }
    }
}