{
    "$schema": "https://schema.management.azure.com/schemas/2019-04-01/deploymentParameters.json#",
    "contentVersion": "1.0.0.0",
    "parameters": {
        "privateEndpointName": {
            "value": "SGPKYMCTAPP02PE"
        },
        "apiName": {
            "value": "/subscriptions/<SUBSCRIPTIONID>/resourceGroups/SGP-KYMCT-RG01/providers/Microsoft.Web/sites/SGP-KYMCT-APP02"
        },
        "vnetName": {
            "value": "/subscriptions/<SUBSCRIPTIONID>/resourceGroups/SGP-KYMCT-RG01/providers/Microsoft.Network/virtualNetworks/SGP-KYMCT-VNET"
        },
        "privateDnsZones": {
            "value": "/subscriptions/<SUBSCRIPTIONID>/resourceGroups/SGP-KYMCT-RG01/providers/Microsoft.Network/privateDnsZones/privatelink.azurewebsites.net"
        },
        "rgLocation":{
            "value":"southeastasia" 
        },
        "tags": {
            "value": {
              "managedBy": "@kpmg.com.sg",
              "ownedBy": "@kpmg.com.sg",
              "projectName": "KYMCHAT",
              "businessUnit": "SGP",
              "environment": "DEV",
              "dataClassification": "Public",
              "costCentre": "",
              "applicationName": "KYMCHAT"
            } 
        }
    }
}