{
    "$schema": "https://schema.management.azure.com/schemas/2019-04-01/deploymentTemplate.json#",
    "contentVersion": "1.0.0.0",
    "parameters": {
        "location": {
            "type": "string"
        },
        "applicationGatewayName": {
            "type": "string"
        },
        "fqdn":{
            "type": "string"
        },
        "tier": {
            "type": "string"
        },
		"tags": {
            "type": "object"
        },
        "skuSize": {
            "type": "string"
        },
        "capacity": {
            "type": "int",
            "defaultValue": 2
        },
        "subnetName": {
            "type": "string"
        },
        "zones": {
            "type": "array"
        },
        "privateIpAddress": {
            "type": "string"
        },
        "vnetId":{
            "type": "string"
        }
    },
    "variables": {
        "vnetId": "[parameters('vnetId')]",
        "publicIPRef": "",
        "subnetRef": "[concat(variables('vnetId'), '/subnets/', parameters('subnetName'))]",
        "applicationGatewayId": "[resourceId('Microsoft.Network/applicationGateways', parameters('applicationGatewayName'))]"
    },
    "resources": [
        {
            "name": "[parameters('applicationGatewayName')]",
            "type": "Microsoft.Network/applicationGateways",
            "apiVersion": "2019-09-01",
            "location": "[parameters('location')]",
            "zones": "[parameters('zones')]",
            "dependsOn": [],
            "properties": {
                "sku": {
                    "name": "WAF_v2",
                    "tier": "WAF_v2",
                    "capacity": 2
                },
                "gatewayIPConfigurations": [
                    {
                        "name": "kymctGWIPConfig",
                        "properties": {
                            "subnet": {
                                "id": "[variables('subnetRef')]"
                            }
                        }
                    }
                ],
                "frontendIPConfigurations": [
                    {
                        "name": "kymctFEIPConfig",
                        "properties": {
                            "subnet": {
                                "id": "[variables('subnetRef')]"
                            },
                            "privateIPAddress": "[parameters('privateIpAddress')]",
                            "privateIPAllocationMethod": "Static"
                        }
                    }
                ],
                "frontendPorts": [
                    {
                        "name": "port_80",
                        "properties": {
                            "Port": 80
                        }
                    },
                    {
                        "name": "port_443",
                        "properties": {
                            "Port": 443
                        }
                    }
                ],
                "backendAddressPools": [
                    {
                        "name": "kymctBEAddressPool",
                        "properties": {
                            "backendAddresses": [
                                {
                                    "fqdn": "[parameters('fqdn')]"
                                }
                            ]
                        }
                    }
                ],
                "backendHttpSettingsCollection": [
                    {
                        "name": "kymctBEHttpSettings",
                        "properties": {
                            "Port": 80,
                            "Protocol": "Http",
                            "cookieBasedAffinity": "Disabled",
                            "pickHostNameFromBackendAddress": true,
                            "requestTimeout": 20,
                            "path": "/",
                            "probe": {
                                "id": "[concat(variables('applicationGatewayId'), '/probes/kymctHealthProbeHttp')]"
                            }
                        }
                    }
                ],
                "httpListeners": [
                    {
                        "name": "kymctHttpListener",
                        "properties": {
                            "frontendIPConfiguration": {
                                "id": "[concat(variables('applicationGatewayId'), '/frontendIPConfigurations/kymctFEIPConfig')]"
                            },
                            "frontendPort": {
                                "id": "[concat(variables('applicationGatewayId'), '/frontendPorts/port_80')]"
                            },
                            "protocol": "Http",
                            "sslCertificate": null
                        }
                    }
                ],
                "sslPolicy": {
                    "policyType": "Predefined",
                    "policyName": "AppGwSslPolicy20170401"
                },
                "requestRoutingRules": [
                    {
                        "Name": "kymctRoutingRuleHttp",
                        "properties": {
                            "RuleType": "Basic",
                            "httpListener": {
                                "id": "[concat(variables('applicationGatewayId'), '/httpListeners/kymctHttpListener')]"
                            },
                            "backendAddressPool": {
                                "id": "[concat(variables('applicationGatewayId'), '/backendAddressPools/kymctBEAddressPool')]"
                            },
                            "backendHttpSettings": {
                                "id": "[concat(variables('applicationGatewayId'), '/backendHttpSettingsCollection/kymctBEHttpSettings')]"
                            }
                        }
                    }
                ],
                "enableHttp2": true,
                "sslCertificates": [],
                "probes": [
                        {
                            "name": "kymctHealthProbeHttp",
                            "properties": {
                                "protocol": "Http",
                                "path": "/",
                                "interval": 30,
                                "timeout": 30,
                                "unhealthyThreshold": 3,
                                "pickHostNameFromBackendHttpSettings": true,
                                "minServers": 0,
                                "match": {
                                    "statusCodes": [
                                        "200-399"
                                    ]
                                 }
                            }
                        },
                        {
                            "name": "kymctHealthProbeHttps",
                            "properties": {
                                "protocol": "Https",
                                "path": "/",
                                "interval": 30,
                                "timeout": 30,
                                "unhealthyThreshold": 3,
                                "pickHostNameFromBackendHttpSettings": true,
                                "minServers": 0,
                                "match": {
                                    "statusCodes": [
                                        "200-399"
                                    ]
                                }
                            }
                        }
                    ],
                "webApplicationFirewallConfiguration": {
                    "enabled": true,
                    "firewallMode": "Detection",
                    "ruleSetType": "OWASP",
                    "ruleSetVersion": "3.0",
                    "disabledRuleGroups": [],
                    "exclusions": [],
                    "requestBodyCheck": true,
                    "maxRequestBodySizeInKb": 128,
                    "fileUploadLimitInMb": 100
                }
            }
        }
    ]
}