{
    "$schema": "https://schema.management.azure.com/schemas/2019-04-01/deploymentParameters.json#",
    "contentVersion": "1.0.0.0",
    "parameters": {
        "ACRName": {
            "value": "phlkymctacr01"
        },
        "rgLocation":{
            "value":"australiaeast" 
        },
        "tags": {
            "value": {
              "managedBy": "@kpmg.com.au",
              "ownedBy": "@kpmg.com.au",
              "projectName": "KYMCHAT",
              "businessUnit": "PHL",
              "environment": "DEV",
              "dataClassification": "Public",
              "costCentre": "",
              "applicationName": "KYMCHAT"
            } 
        }
    }
}