{
    "$schema": "https://schema.management.azure.com/schemas/2019-04-01/deploymentParameters.json#",
    "contentVersion": "1.0.0.0",
    "parameters": {
        "ACRName": {
            "value": "usakymctacr01"
        },
        "rgLocation":{
            "value":"eastus" 
        },
        "tags": {
            "value": {
              "managedBy": "@kpmg.com",
              "ownedBy": "@kpmg.com",
              "projectName": "KYMCHAT",
              "businessUnit": "USA",
              "environment": "DEV",
              "dataClassification": "Public",
              "costCentre": "",
              "applicationName": "KYMCHAT"
            } 
        }
    }
}