{
    "name": "Azure Developer CLI",
    "build": {
        "dockerfile": "Dockerfile",
        "args": {
            "VARIANT": "bullseye"
        }
    },
    "features": {
        "ghcr.io/devcontainers/features/python:1": {
            "version": "os-provided"
        },
        "ghcr.io/devcontainers/features/node:1": {
            "version": "16",
            "nodeGypDependencies": false
        },
        "ghcr.io/devcontainers/features/powershell:1.1.0": {},
        "ghcr.io/devcontainers/features/azure-cli:1.0.8": {}
    },
    "customizations": {
        "vscode": {
            "extensions": [
                "ms-azuretools.azure-dev",
                "ms-azuretools.vscode-bicep",
                "ms-python.python"
            ]
        }
    },
    "forwardPorts": [
        5000
    ],
    "postCreateCommand": "",
    "remoteUser": "vscode",
    "hostRequirements": {
        "memory": "8gb"
    }
}