{
    "$schema": "https://schema.management.azure.com/schemas/2019-04-01/deploymentParameters.json#",
    "contentVersion": "1.0.0.0",
    "parameters": {
        "privateEndpointName": {
            "value": "FRAKYMCTKV01PE"
        },
        "KeyVaultName": {
            "value": "/subscriptions/<SUBSCRIPTIONID>/resourceGroups/FRA-KYMCT-RG01/providers/Microsoft.KeyVault/vaults/FRA-KYMCT-KV02"
        },
        "vnetName": {
            "value": "/subscriptions/<SUBSCRIPTIONID>/resourceGroups/FRA-KYMCT-RG01/providers/Microsoft.Network/virtualNetworks/FRA-KYMCT-VNET"
        },
        "privateDnsZones": {
            "value": "/subscriptions/<SUBSCRIPTIONID>/resourceGroups/FRA-KYMCT-RG01/providers/Microsoft.Network/privateDnsZones/vaultcore.azure.net"
        },
        "rgLocation":{
            "value":"westeurope" 
         },
         "tags": {
            "value": {
              "managedBy": "@kpmg.com.fr",
              "ownedBy": "@kpmg.com.fr",
              "projectName": "KYMCHAT",
              "businessUnit": "FRA",
              "environment": "DEV",
              "dataClassification": "Public",
              "costCentre": "",
              "applicationName": "KYMCHAT"
            } 
        }
    }
}