{
    "$schema": "https://schema.management.azure.com/schemas/2019-04-01/deploymentTemplate.json#",
    "contentVersion": "1.0.0.0",
    "parameters": {
        "FormRecognizerName": {
            "type":"string",
            "metadata":{
               "description":"Name of the Data lake"
            }
        },
        "rgLocation":{
            "type":"string" 
         },
        "tags":{
            "type":"object",
            "metadata":{
               "description":"A list of tags to apply to all resources."
            }
         },
        "customSubDomainName":{
            "type":"string"
        }
    },
    "resources": [
        {
            "type": "Microsoft.CognitiveServices/accounts",
            "apiVersion": "2022-12-01",
            "name": "[parameters('FormRecognizerName')]",
            "location":"[parameters('rgLocation')]",
            "sku": {
                "name": "S0"
            },
            "kind": "FormRecognizer",
            "identity": {
                "type": "None"
            },
            "properties": {
                "customSubDomainName": "[parameters('customSubDomainName')]",
                "networkAcls": {
                    "defaultAction": "Allow",
                    "virtualNetworkRules": [],
                    "ipRules": []
                },
                "publicNetworkAccess": "Disabled",
                "dynamicThrottlingEnabled": true
            }
        }
    ]

}    