{
    "$schema": "https://schema.management.azure.com/schemas/2019-04-01/deploymentParameters.json#",
    "contentVersion": "1.0.0.0",
    "parameters": {
        "resourceGroupName": {
            "value": "Kym"
        },
        "resourceName": {
            "value": "mc-KYMCT-APP01"
        },
        "resourceType": {
            "value": "sites"
        },
        "privateEndpointNumber": {
            "value": 1
        },
        "vnetName": {
            "value": "MC-KYMCT-VNET"
        },
        "subnetName": {
            "value": "PE01"
        },
        "privateEndpointIPAddress": {
            "value": ""
        },
        "tags": {
            "value": {
                "applicationName": "KYMCHAT"
            }
        }
    }
}