{
    "$schema": "https://schema.management.azure.com/schemas/2019-04-01/deploymentParameters.json#",
    "contentVersion": "1.0.0.0",
    "parameters": {
        "privateEndpointName": {
            "value": "mcKYMCTFA03PE"
        },
        "functionAppName": {
            "value": "/subscriptions/05d58a2d-ea72-4007-b909-aaeac5407c1d/resourceGroups/GO-SM-PDAI-CBR-GENAI-POC/providers/Microsoft.Web/sites/mckymchatfa03"
        },
        "vnetName": {
            "value": "/subscriptions/05d58a2d-ea72-4007-b909-aaeac5407c1d/resourceGroups/GO-SM-PDAI-CBR-GENAI-POC/providers/Microsoft.Network/virtualNetworks/MC-KYMCT-VNET"
        },
        "privateDnsZones": {
            "value": "/subscriptions/05d58a2d-ea72-4007-b909-aaeac5407c1d/resourceGroups/GO-SM-PDAI-CBR-GENAI-POC/providers/Microsoft.Network/privateDnsZones/privatelink.azurewebsites.net"
        },
        "rgLocation":{
            "value":"australiaeast" 
         },
        "tags": {
            "value": {
                "applicationName": "KYMCHAT"
            }
        }
    }
}