{
    "$schema": "https://schema.management.azure.com/schemas/2019-04-01/deploymentParameters.json#",
    "contentVersion": "1.0.0.0",
    "parameters": {
        "privateEndpointName": {
            "value": "mcKYMCTFR01PE"
        },
        "formRecogniserName": {
            "value": "/subscriptions/05d58a2d-ea72-4007-b909-aaeac5407c1d/resourceGroups/GO-SM-PDAI-CBR-GENAI-POC/providers/Microsoft.CognitiveServices/accounts/mc-KYMCT-FR01"
        },
        "vnetName": {
            "value": "/subscriptions/05d58a2d-ea72-4007-b909-aaeac5407c1d/resourceGroups/GO-SM-PDAI-CBR-GENAI-POC/providers/Microsoft.Network/virtualNetworks/MC-KYMCT-VNET"
        },
        "privateDNSZones": {
            "value": "/subscriptions/05d58a2d-ea72-4007-b909-aaeac5407c1d/resourceGroups/GO-SM-PDAI-CBR-GENAI-POC/providers/Microsoft.Network/privateDnsZones/privatelink.cognitiveservices.azure.com"
        },
        "rgLocation":{
            "value":"australiaeast" 
         },
         "privateLink":{
            "value":"/subscriptions/05d58a2d-ea72-4007-b909-aaeac5407c1d/resourceGroups/GO-SM-PDAI-CBR-GENAI-POC/providers/Microsoft.CognitiveServices/accounts/mc-KYMCT-FR01" 
         },
        "tags": {
            "value": {
                "applicationName": "KYMCHAT"
            }
        }
    }
}