{
  "$schema": "https://schema.management.azure.com/schemas/2019-04-01/deploymentParameters.json#",
  "contentVersion": "1.0.0.0",
  "parameters": {
      "apiManagementServiceName": {
          "value": "kdnkymctapims02"
        },
        "publisherName": {
          "value": "kymct_developer_team"
        },
        "publisherEmail": {
          "value": "noreply@kymct.com.au"
        },
        "sku": {
          "value": "Standard"
        },
        "skuCount": {
          "value": 1

        },
      "rgLocation":{
          "value":"westeurope" 
       },
       "tags": {
        "value": {
          "managedBy": "@kpmg.com",
          "ownedBy": "@kpmg.com",
          "projectName": "KYMCHAT",
          "businessUnit": "KDN",
          "environment": "DEV",
          "dataClassification": "Public",
          "costCentre": "",
          "applicationName": "KYMCHAT"
        } 
      }
  }
}