{
    "$schema": "https://schema.management.azure.com/schemas/2019-04-01/deploymentParameters.json#",
    "contentVersion": "1.0.0.0",
    "parameters": {
        "apiManagementServiceName": {
            "value": "nzkymctapims02"
          },
          "publisherName": {
            "value": "kymct_developer_team"
          },
          "publisherEmail": {
            "value": "noreply@kymct.com.au"
          },
          "sku": {
            "value": "Standard"
          },
          "skuCount": {
            "value": 1

          },
        "rgLocation":{
            "value":"australiaeast" 
         },
        "tags": {
          "value": {
            "managedBy": "@kpmg.com.nz",
            "ownedBy": "@kpmg.com.nz",
            "projectName": "KYMCHAT",
            "businessUnit": "",
            "environment": "DEV",
            "dataClassification": "KPMG-Confidential",
            "costCentre": "",
            "applicationName": "KYMCHAT"
        }
        }
    }
}