{
    "$schema": "https://schema.management.azure.com/schemas/2019-04-01/deploymentParameters.json#",
    "contentVersion": "1.0.0.0",
    "parameters": {
        "apiManagementServiceName": {
            "value": "sgpkymctapims02"
          },
          "publisherName": {
            "value": "kymct_developer_team"
          },
          "publisherEmail": {
            "value": "noreply@kymct.com.sg"
          },
          "sku": {
            "value": "Standard"
          },
          "skuCount": {
            "value": 1

          },
        "rgLocation":{
            "value":"southeastasia" 
         },
         "tags": {
          "value": {
            "managedBy": "@kpmg.com.sg",
            "ownedBy": "@kpmg.com.sg",
            "projectName": "KYMCHAT",
            "businessUnit": "SGP",
            "environment": "DEV",
            "dataClassification": "Public",
            "costCentre": "",
            "applicationName": "KYMCHAT"
          } 
        }
    }
}