{
    "$schema": "https://schema.management.azure.com/schemas/2019-04-01/deploymentTemplate.json#",
    "contentVersion": "1.0.0.0",
    "parameters": {
        "privateDnsZones": {
            "type": "string"
        },
        "vnetName": {
            "type": "string"
        },
        "tags": {
            "type": "object"
        }
    },
    "variables": {},
    "resources": [
        {
            "type": "Microsoft.Network/privateDnsZones",
            "apiVersion": "2018-09-01",
            "name": "[parameters('privateDnsZones')]",
            "location": "global",
            "properties": {
                "maxNumberOfRecordSets": 25000,
                "maxNumberOfVirtualNetworkLinks": 1000,
                "maxNumberOfVirtualNetworkLinksWithRegistration": 100,
                "numberOfRecordSets": 1,
                "numberOfVirtualNetworkLinks": 1,
                "numberOfVirtualNetworkLinksWithRegistration": 0,
                "provisioningState": "Succeeded"
            }
        },
        {
            "type": "Microsoft.Network/privateDnsZones/SOA",
            "apiVersion": "2018-09-01",
            "name": "[concat(parameters('privateDnsZones'), '/@')]",
            "dependsOn": [
                "[resourceId('Microsoft.Network/privateDnsZones', parameters('privateDnsZones'))]"
            ],
            "properties": {
                "ttl": 3600,
                "soaRecord": {
                    "email": "azureprivatedns-host.microsoft.com",
                    "expireTime": 2419200,
                    "host": "azureprivatedns.net",
                    "minimumTtl": 10,
                    "refreshTime": 3600,
                    "retryTime": 300,
                    "serialNumber": 1
                }
            }
        },
        {
            "type": "Microsoft.Network/privateDnsZones/virtualNetworkLinks",
            "apiVersion": "2018-09-01",
            "name": "[concat(parameters('privateDnsZones'), '/bb579fddc9622')]",
            "location": "global",
            "dependsOn": [
                "[resourceId('Microsoft.Network/privateDnsZones', parameters('privateDnsZones'))]"
            ],
            "properties": {
                "registrationEnabled": false,
                "virtualNetwork": {
                    "id": "[parameters('vnetName')]"
                }
            }
        }
    ]
}