{
    "$schema":"https://schema.management.azure.com/schemas/2015-01-01/deploymentParameters.json#",
    "contentVersion":"1.0.0.0",
    "parameters":{
        "aspNAME": {
            "value": "AUSAZSBOX-KYMCT-ASP01"
        },
        "rgLocation":{
            "value":"australiaeast" 
         },
       "tags":{
          "value":{
            "managedBy": "rtuli@kpmg.com.au",
            "ownedBy": "mhudson@kpmg.com.au",
            "projectName": "KYMCHAT",
            "businessUnit": "BUS",
            "environment": "DEV",
            "dataClassification": "KPMG-Confidential",
            "costCentre": "I0013N",
            "applicationName": "KYMCHAT"
          }
       }
    }
 }