{
    "$schema":"https://schema.management.azure.com/schemas/2015-01-01/deploymentParameters.json#",
    "contentVersion":"1.0.0.0",
    "parameters":{
        "aspNAME": {
            "value": "NZ-KYMCT-ASP01"
        },
        "rgLocation":{
            "value":"australiaeast" 
         },
        "tags": {
            "value": {
                "managedBy": "@kpmg.com.nz",
                "ownedBy": "@kpmg.com.nz",
                "projectName": "KYMCHAT",
                "businessUnit": "",
                "environment": "DEV",
                "dataClassification": "Public",
                "costCentre": "",
                "applicationName": "KYMCHAT"
            } 
        }
    }
 }