{
    "$schema":"https://schema.management.azure.com/schemas/2015-01-01/deploymentParameters.json#",
    "contentVersion":"1.0.0.0",
    "parameters":{
        "aspNAME": {
            "value": "SGP-KYMCT-ASP01"
        },
        "rgLocation":{
            "value":"southeastasia" 
        },
        "tags": {
            "value": {
              "managedBy": "@kpmg.com.sg",
              "ownedBy": "@kpmg.com.sg",
              "projectName": "KYMCHAT",
              "businessUnit": "SGP",
              "environment": "DEV",
              "dataClassification": "Public",
              "costCentre": "",
              "applicationName": "KYMCHAT"
            } 
        }
    }
 }