{
   "$schema":"http://schema.management.azure.com/schemas/2014-04-01-preview/deploymentTemplate.json#",
   "contentVersion":"1.0.0.0",
   "parameters":{
      "keyVaultName":{
         "type":"string",
         "metadata":{
            "description":"Name of the KeyVault"
         }
      },
      "resourceGroupName": {
         "type": "string",
         "metadata": {
             "description": "The name of the resource group where the Key Vault is located."
         }
     },
      "vNetName":{
         "type":"string",
         "metadata":{
            "description":"Vnet where the subnets are"
         }
      },
      "subnetNames":{
         "type":"array",
         "metadata":{
            "description":"Array of subnets allowed access to the KeyVault"
         }
      },
      "rgLocation":{
         "type":"string"
      },
      "sku":{
         "type":"string",
         "defaultValue":"standard",
         "allowedValues":[
            "standard",
            "premium"
         ],
         "metadata":{
            "description":"SKU for the vault"
         }
      },
      "tenantID":{
         "type":"string",
         "defaultValue":"[subscription().tenantID]",
         "metadata":{
            "description":"The tenant which contains the deployment"
         }
      },
      "enabledForDeployment":{
         "type":"bool",
         "defaultValue":false
      },
      "enabledForTemplateDeployment":{
         "type":"bool",
         "defaultValue":false
      },
      "enabledForDiskEncryption":{
         "type":"bool",
         "defaultValue":false
      },
      "ipRules":{
         "type":"array",
         "defaultValue":[
            {
               "value":"104.209.104.8",
               "action":"Allow"
            },
            {
               "value":"104.209.105.8",
               "action":"Allow"
            },
            {
               "value":"163.116.128.0/17",
               "action":"Allow"
            },
            {
               "value":"45.250.160.0/22",
               "action":"Allow"
            }
         ]
      },
      "tags":{
         "type":"object",
         "metadata":{
            "description":"A list of tags to apply to all resources."
         }
      }
   },
   "variables": {
      "keyVaultId": "[concat('/subscriptions/', subscription().subscriptionId, '/resourceGroups/', parameters('resourceGroupName'), '/providers/Microsoft.KeyVault/', parameters('keyVaultName'))]",
      "networkAcls": {
          "defaultAction": "Deny",
          "bypass": "AzureServices",
          "ipRules": [],
          "virtualNetworkRules": []
      },
      "privateEndpointConnections": []
   },
   "resources":[
      {
         "name":"[parameters('KeyVaultname')]",
         "type":"Microsoft.KeyVault/vaults",
         "apiVersion":"2018-02-14",
         "location":"[parameters('rgLocation')]",
         "tags":"[parameters('tags')]",
         "properties":{
            "tenantId":"[parameters('tenantID')]",
            "enabledForDeployment":"[parameters('enabledForDeployment')]",
            "enabledForTemplateDeployment":"[parameters('enabledForTemplateDeployment')]",
            "enabledForDiskEncryption":"[parameters('enabledForDiskEncryption')]",
            "enableSoftDelete": true,
            "softDeleteRetentionInDays": 90,
            "enablePurgeProtection": true,
            "networkAcls": "[variables('networkAcls')]",
            "privateEndpointConnections": "[variables('privateEndpointConnections')]",
            "sku":{
               "name":"[parameters('sku')]",
               "family":"A"
            },
            "accessPolicies":[
            ],
            "networkAcls":{
               "bypass":"AzureServices",
               "defaultAction":"Deny",
               "ipRules":"[parameters('ipRules')]",
               "copy":[
                  {
                     "name":"virtualNetworkRules",
                     "count":"[length(parameters('subnetNames'))]",
                     "input":{
                        "id":"[resourceId('Microsoft.Network/virtualNetworks/subnets', parameters('vNetName'), parameters('subnetNames')[copyIndex('virtualNetworkRules')])]",
                        "ignoreMissingVnetServiceEndpoint":true
                     }
                  }
               ]
            }
         }
      }
   ]
 }