{
    "$schema": "https://schema.management.azure.com/schemas/2019-04-01/deploymentParameters.json#",
    "contentVersion": "1.0.0.0",
    "parameters": {
        "privateDnsZones": {
            "value": "privatelink.blob.core.windows.net"
        },
        "vnetName": {
            "value": "/subscriptions/ac289d8f-7013-475f-bc9d-11afbb7b088b/resourceGroups/USA-KYMCT-RG01/providers/Microsoft.Network/virtualNetworks/USA-KYMCT-VNET"
        },
        "tags": {
            "value": {
              "managedBy": "@kpmg.com",
              "ownedBy": "@kpmg.com",
              "projectName": "KYMCHAT",
              "businessUnit": "USA",
              "environment": "DEV",
              "dataClassification": "Public",
              "costCentre": "",
              "applicationName": "KYMCHAT"
            } 
        }
    }
}