{
    "$schema": "https://schema.management.azure.com/schemas/2019-04-01/deploymentParameters.json#",
    "contentVersion": "1.0.0.0",
    "parameters": {
        "keyVaultName": {
            "value": "AUSAZSBOX-KYMCT-KV02"
        },
        "resourceGroupName": {
            "value": "Kym"
        },
        "vNetName": {
            "value": "AUSAZSBOX-KYMCT-VNET"
        },
        "subnetNames": {
            "value": [
                "WEB",
                "SPARE01",
                "SPARE02",
                "SPARE03",
                "SERVICE",
                "MGMT",
                "PE01"
            ]
        },
        "enabledForDeployment": {
            "value": false
        },
        "enabledForTemplateDeployment": {
            "value": true
        },
        "enabledForDiskEncryption": {
            "value": true
        },
        "rgLocation":{
            "value":"australiaeast" 
        },
        "tags": {
            "value": {
                "managedBy": "rtuli@kpmg.com.au",
                "ownedBy": "mhudson@kpmg.com.au",
                "projectName": "KYMCHAT",
                "businessUnit": "BUS",
                "environment": "DEV",
                "dataClassification": "KPMG-Confidential",
                "costCentre": "I0013N",
                "applicationName": "KYMCHAT"
              }
        }
    }
}