{
    "$schema": "https://schema.management.azure.com/schemas/2019-04-01/deploymentParameters.json#",
    "contentVersion": "1.0.0.0",
    "parameters": {
        "keyVaultName": {
            "value": "KDN-KYMCT-KV01"
        },
        "resourceGroupName": {
            "value": "<Insert Resource Group Name>"
        },
        "vNetName": {
            "value": "KDN-KYMCT-VNET"
        },
        "subnetNames": {
            "value": [
                "WEB",
                "SPARE01",
                "SPARE02",
                "SPARE03",
                "SERVICE",
                "MGMT",
                "PE01"
            ]
        },
        "enabledForDeployment": {
            "value": false
        },
        "enabledForTemplateDeployment": {
            "value": true
        },
        "enabledForDiskEncryption": {
            "value": true
        },
        "rgLocation":{
            "value":"westeurope" 
        },
        "tags": {
            "value": {
              "managedBy": "@kpmg.com",
              "ownedBy": "@kpmg.com",
              "projectName": "KYMCHAT",
              "businessUnit": "KDN",
              "environment": "DEV",
              "dataClassification": "Public",
              "costCentre": "",
              "applicationName": "KYMCHAT"
            } 
        }
    }
}