{
    "$schema": "https://schema.management.azure.com/schemas/2019-04-01/deploymentParameters.json#",
    "contentVersion": "1.0.0.0",
    "parameters": {
        "keyVaultName": {
            "value": "KYMCHATGITHUB"
        },
        "resourceGroupName": {
            "value": "GO-SM-PDAI-CBR-GENAI-POC"
        },
        "vNetName": {
            "value": "MC-KYMCT-VNET"
        },
        "subnetNames": {
            "value": [
                "WEB",
                "SPARE01",
                "SPARE02",
                "SPARE03",
                "SERVICE",
                "MGMT",
                "PE01"
            ]
        },
        "enabledForDeployment": {
            "value": false
        },
        "enabledForTemplateDeployment": {
            "value": true
        },
        "enabledForDiskEncryption": {
            "value": true
        },
        "rgLocation":{
            "value":"australiaeast" 
        },
        "tags": {
            "value": {
                "applicationName": "KYMCHAT"
              }
        }
    }
}