{
    "$schema": "https://schema.management.azure.com/schemas/2019-04-01/deploymentParameters.json#",
    "contentVersion": "1.0.0.0",
    "parameters": {
        "keyVaultName": {
            "value": "NZ-KYMCT-KV01"
        },
        "resourceGroupName": {
            "value": "<Insert Resource Group Name>"
        },
        "vNetName": {
            "value": "NZ-KYMCT-VNET"
        },
        "subnetNames": {
            "value": [
                "WEB",
                "SPARE01",
                "SPARE02",
                "SPARE03",
                "SERVICE",
                "MGMT",
                "PE01"
            ]
        },
        "enabledForDeployment": {
            "value": false
        },
        "enabledForTemplateDeployment": {
            "value": true
        },
        "enabledForDiskEncryption": {
            "value": true
        },
        "rgLocation":{
            "value":"australiaeast" 
        },
        "tags": {
            "value": {
                "managedBy": "@kpmg.com.nz",
                "ownedBy": "@kpmg.com.nz",
                "projectName": "KYMCHAT",
                "businessUnit": "",
                "environment": "DEV",
                "dataClassification": "KPMG-Confidential",
                "costCentre": "",
                "applicationName": "KYMCHAT"
            }
        }
    }
}