{
    "$schema": "https://schema.management.azure.com/schemas/2019-04-01/deploymentParameters.json#",
    "contentVersion": "1.0.0.0",
    "parameters": {
        "ASName": {
            "value": "AUSAZSBOX-KYMCT-FA01"
        },
        "appInsightsName": {
            "value": "AUSAZSBOX-KYMCT-FA01-AI"
        },
        "slotName": {
            "value": "staging",
            "metadata": {
                "description": "If no slot is required, delete this entire parameter"
            }
        },
        "kind": {
            "value": "functionapp"
        },
        "tags": {
            "value": {
                "managedBy": "rtuli@kpmg.com.au",
                "ownedBy": "mhudson@kpmg.com.au",
                "projectName": "KYMCHAT",
                "businessUnit": "BUS",
                "environment": "DEV",
                "dataClassification": "KPMG-Confidential",
                "costCentre": "I0013N",
                "applicationName": "KYMCHAT"
            }
        }
    }
}