{
    "$schema": "https://schema.management.azure.com/schemas/2019-04-01/deploymentParameters.json#",
    "contentVersion": "1.0.0.0",
    "parameters": {
        "ASName": {
            "value": "KDN-KYMCT-FA01"
        },
        "appInsightsName": {
            "value": "KDN-KYMCT-FA01-AI"
        },
        "slotName": {
            "value": "staging",
            "metadata": {
                "description": "If no slot is required, delete this entire parameter"
            }
        },
        "kind": {
            "value": "functionapp"
        },
        "tags": {
            "value": {
              "managedBy": "@kpmg.com",
              "ownedBy": "@kpmg.com",
              "projectName": "KYMCHAT",
              "businessUnit": "KDN",
              "environment": "DEV",
              "dataClassification": "Public",
              "costCentre": "",
              "applicationName": "KYMCHAT"
            } 
        }
    }
}