{
    "$schema": "https://schema.management.azure.com/schemas/2019-04-01/deploymentParameters.json#",
    "contentVersion": "1.0.0.0",
    "parameters": {
        "ASName": {
            "value": "NZ-KYMCT-FA01"
        },
        "appInsightsName": {
            "value": "NZ-KYMCT-FA01-AI"
        },
        "slotName": {
            "value": "staging",
            "metadata": {
                "description": "If no slot is required, delete this entire parameter"
            }
        },
        "kind": {
            "value": "functionapp"
        },
        "tags": {
            "value": {
                "managedBy": "@kpmg.com.nz",
                "ownedBy": "@kpmg.com.nz",
                "projectName": "KYMCHAT",
                "businessUnit": "",
                "environment": "DEV",
                "dataClassification": "Public",
                "costCentre": "",
                "applicationName": "KYMCHAT"
            } 
        }
    }
}