{
    "$schema": "https://schema.management.azure.com/schemas/2019-04-01/deploymentParameters.json#",
    "contentVersion": "1.0.0.0",
    "parameters": {
        "appName": {
            "value": "AUSAZSBOX-KYMCT-APP01"
        },
        "rgLocation":{
            "value":"australiaeast" 
        },
         "vnetName": {
            "value": "AUSAZSBOX-KYMCT-VNET"
        },
        "subnetID": {
            "value": "/subscriptions/878a7a82-ce08-42db-95af-ad7605ab48c0/resourceGroups/Kym/providers/Microsoft.Network/virtualNetworks/AUSAZSBOX-KYMCT-VNET/subnets/WEB"
        },
        "serverFarm": {
            "value": "/subscriptions/878a7a82-ce08-42db-95af-ad7605ab48c0/resourceGroups/Kym/providers/Microsoft.web/serverfarms/ASP-AUSAZSBOX-KYMCT-APP01"
        },
        "tags": {
            "value": {
                "managedBy": "rtuli@kpmg.com.au",
                "ownedBy": "mhudson@kpmg.com.au",
                "projectName": "KYMCHAT",
                "businessUnit": "BUS",
                "environment": "DEV",
                "dataClassification": "KPMG-Confidential",
                "costCentre": "I0013N",
                "applicationName": "KYMCHAT"
            }
        },
        "sku": {
            "value": "B1"
          },
          "linuxFxVersion": {
            "value": "NODE|18-lts"
          }
    }
}