{
    "$schema": "https://schema.management.azure.com/schemas/2019-04-01/deploymentParameters.json#",
    "contentVersion": "1.0.0.0",
    "parameters": {
        "appName": {
            "value": "FRA-KYMCT-APP01"
        },
        "rgLocation":{
            "value":"westeurope" 
        },
         "vnetName": {
            "value": "FRA-KYMCT-VNET"
        },
        "subnetID": {
            "value": "/subscriptions/<SUBSCRIPTIONID>/resourceGroups/FRA-KYMCT-RG01/providers/Microsoft.Network/virtualNetworks/FRA-KYMCT-VNET/subnets/WEB"
        },
        "serverFarm": {
            "value": "/subscriptions/<SUBSCRIPTIONID>/resourceGroups/FRA-KYMCT-RG01/providers/Microsoft.web/serverfarms/ASP-FRA-KYMCT-APP01"
        },
        "tags": {
            "value": {
              "managedBy": "@kpmg.com.fr",
              "ownedBy": "@kpmg.com.fr",
              "projectName": "KYMCHAT",
              "businessUnit": "FRA",
              "environment": "DEV",
              "dataClassification": "Public",
              "costCentre": "",
              "applicationName": "KYMCHAT"
            } 
        },
        "sku": {
            "value": "B1"
          },
          "linuxFxVersion": {
            "value": "NODE|18-lts"
          }
    }
}