{
    "$schema": "https://schema.management.azure.com/schemas/2019-04-01/deploymentParameters.json#",
    "contentVersion": "1.0.0.0",
    "parameters": {
        "appName": {
            "value": "MC-KYMCT-APP01"
        },
        "rgLocation":{
            "value":"australiaeast" 
        },
         "vnetName": {
            "value": "MC-KYMCT-VNET"
        },
        "subnetID": {
            "value": "/subscriptions/05d58a2d-ea72-4007-b909-aaeac5407c1d/resourceGroups/GO-SM-PDAI-CBR-GENAI-POC/providers/Microsoft.Network/virtualNetworks/MC-KYMCT-VNET/subnets/WEB"
        },
          "serverFarm": {
            "value": "/subscriptions/05d58a2d-ea72-4007-b909-aaeac5407c1d/resourceGroups/GO-SM-PDAI-CBR-GENAI-POC/providers/Microsoft.web/serverfarms/ASP-MC-KYMCT-APP01"
        },
        "tags": {
            "value": {
                "applicationName": "KYMCHAT"
            }
        },
        "sku": {
            "value": "B1"
          },
          "linuxFxVersion": {
            "value": "NODE|18-lts"
          }
    }
}