{
    "$schema": "https://schema.management.azure.com/schemas/2019-04-01/deploymentParameters.json#",
    "contentVersion": "1.0.0.0",
    "parameters": {
        "privateEndpointName": {
            "value": "AUSAZSBOXKYMCTDL01PE"
        },
        "dataLakeName": {
            "value": "/subscriptions/878a7a82-ce08-42db-95af-ad7605ab48c0/resourceGroups/Kym/providers/Microsoft.Storage/storageAccounts/ausazsboxkymctlake"
        },
        "vnetName": {
            "value": "/subscriptions/878a7a82-ce08-42db-95af-ad7605ab48c0/resourceGroups/Kym/providers/Microsoft.Network/virtualNetworks/AUSAZSBOX-KYMCT-VNET"
        },
        "privateDnsZones": {
            "value": "/subscriptions/878a7a82-ce08-42db-95af-ad7605ab48c0/resourceGroups/Kym/providers/Microsoft.Network/privateDnsZones/privatelink.blob.core.windows.net"
        },
        "rgLocation":{
            "value":"australiaeast" 
         },
        "tags": {
            "value": {
                "managedBy": "rtuli@kpmg.com.au",
                "ownedBy": "mhudson@kpmg.com.au",
                "projectName": "KYMCHAT",
                "businessUnit": "BUS",
                "environment": "DEV",
                "dataClassification": "KPMG-Confidential",
                "costCentre": "I0013N",
                "applicationName": "KYMCHAT"
            }
        }
    }
}