{
    "$schema": "https://schema.management.azure.com/schemas/2019-04-01/deploymentTemplate.json#",
    "contentVersion": "1.0.0.0",
    "parameters": {
      "apiManagementServiceName": {
        "type": "string"
      },
      "publisherName": {
        "type": "string"
      },
      "publisherEmail": {
        "type": "string"
      },
      "sku": {
        "type": "string"
      },
      "skuCount": {
        "type": "int"
      },
      "rgLocation": {
        "type": "string"
      },
      "tags":{
        "type":"object",
        "metadata":{
           "description":"A list of tags to apply to all resources."
        }
     }
    },
    "resources": [
      {
        "type": "Microsoft.ApiManagement/service",
        "apiVersion": "2021-08-01",
        "name": "[parameters('apiManagementServiceName')]",
        "location": "[parameters('rgLocation')]",
        "sku": {
          "name": "[parameters('sku')]",
          "capacity": "[parameters('skuCount')]"
        },
        "properties": {
          "publisherName": "[parameters('publisherName')]",
          "publisherEmail": "[parameters('publisherEmail')]"
        }
      }
    ]
  }