{
    "$schema": "https://schema.management.azure.com/schemas/2019-04-01/deploymentParameters.json#",
    "contentVersion":"1.0.0.0",
    "parameters":{
      "location":{
         "value":"australiaeast"
      },
      "applicationGatewayName":{
         "value":"AUSAZSBOX-KYMCT-AGW01"
      },
      "tier":{
         "value":"WAF_v2"
      },
       "skuSize":{
         "value":"WAF_Large"
      },
      "capacity":{
         "value":2
      },
      "subnetName":{
         "value":"WEB"
      },
      "zones":{
         "value":[]
      },
      "fqdn":{
         "value": "AUSAZDEV-KYMCT-APP01.azurewebsites.net"
      },
      "privateIpAddress":{
         "value":"10.100.102.102"
      },
      "vnetId":{
      "value": "/subscriptions/878a7a82-ce08-42db-95af-ad7605ab48c0/resourceGroups/Kym/providers/Microsoft.Network/virtualNetworks/AUSAZSBOX-KYMCT-VNET"
     },
       "tags":{
          "value":{
            "managedBy": "rtuli@kpmg.com.au",
            "ownedBy": "mhudson@kpmg.com.au",
            "projectName": "KYMCHAT",
            "businessUnit": "BUS",
            "environment": "DEV",
            "dataClassification": "KPMG-Confidential",
            "costCentre": "I0013N",
            "applicationName": "KYMCHAT"
        }
       }
    }
 }