{
    "$schema": "https://schema.management.azure.com/schemas/2019-04-01/deploymentParameters.json#",
    "contentVersion":"1.0.0.0",
    "parameters":{
      "location":{
         "value":"australiaeast"
      },
      "applicationGatewayName":{
         "value":"MC-KYMCT-AGW01"
      },
      "tier":{
         "value":"WAF_v2"
      },
       "skuSize":{
         "value":"WAF_Large"
      },
      "capacity":{
         "value":2
      },
      "subnetName":{
         "value":"WEB"
      },
      "zones":{
         "value":[]
      },
      "fqdn":{
      "value": "MC-KYMCT-APP01.azurewebsites.net"
      },
      "privateIpAddress":{
         "value":"10.100.102.102"
      },
      "vnetId":{
      "value": "/subscriptions/05d58a2d-ea72-4007-b909-aaeac5407c1d/resourceGroups/GO-SM-PDAI-CBR-GENAI-POC/providers/Microsoft.Network/virtualNetworks/MC-KYMCT-VNET"
     },
       "tags":{
          "value":{
            "applicationName": "KYMCHAT"
        }
       }
    }
 }