{
   "$schema": "https://schema.management.azure.com/schemas/2019-04-01/deploymentParameters.json#",
   "contentVersion":"1.0.0.0",
   "parameters":{
     "location":{
        "value":"westeurope"
     },
     "applicationGatewayName":{
        "value":"MLT-KYMCT-AGW01"
     },
     "tier":{
        "value":"WAF_v2"
     },
      "skuSize":{
        "value":"WAF_Large"
     },
     "capacity":{
        "value":2
     },
     "subnetName":{
        "value":"WEB"
     },
     "zones":{
        "value":[]
     },
     "fqdn":{
        "value": "MLT-KYMCT-APP01.azurewebsites.net"
     },
     "privateIpAddress":{
        "value":"10.100.102.102"
     },
     "vnetId":{
     "value": "/subscriptions/73c0e57e-9601-4519-9726-6a435d30d2bd/resourceGroups/<RESOURCEGROUPNAME>/providers/Microsoft.Network/virtualNetworks/MLT-KYMCT-VNET"
    },
    "tags": {
        "value": {
        "managedBy": "@kpmg.com",
        "ownedBy": "@kpmg.com",
        "projectName": "KYMCHAT",
        "businessUnit": "MLT",
        "environment": "DEV",
        "dataClassification": "Public",
        "costCentre": "",
        "applicationName": "KYMCHAT"
        } 
     }
   }
}