{
    "$schema": "https://schema.management.azure.com/schemas/2019-04-01/deploymentParameters.json#",
    "contentVersion":"1.0.0.0",
    "parameters":{
      "location":{
         "value":"australiaeast"
      },
      "applicationGatewayName":{
         "value":"NZ-KYMCT-AGW01"
      },
      "tier":{
         "value":"WAF_v2"
      },
       "skuSize":{
         "value":"WAF_Large"
      },
      "capacity":{
         "value":2
      },
      "subnetName":{
         "value":"WEB"
      },
      "zones":{
         "value":[]
      },
      "fqdn":{
         "value": "NZ-KYMCT-APP01.azurewebsites.net"
      },
      "privateIpAddress":{
         "value":"10.100.102.102"
      },
      "vnetId":{
      "value": "/subscriptions/<SUBSCRIPTIONID>/resourceGroups/<RESOURCEGROUPNAME>/providers/Microsoft.Network/virtualNetworks/NZ-KYMCT-VNET"
     },
       "tags":{
         "value": {
            "managedBy": "@kpmg.com.nz",
            "ownedBy": "@kpmg.com.nz",
            "projectName": "KYMCHAT",
            "businessUnit": "",
            "environment": "DEV",
            "dataClassification": "KPMG-Confidential",
            "costCentre": "",
            "applicationName": "KYMCHAT"
        }
       }
    }
 }