{
    "$schema": "https://schema.management.azure.com/schemas/2019-04-01/deploymentParameters.json#",
    "contentVersion":"1.0.0.0",
    "parameters":{
      "location":{
         "value":"australiaeast"
      },
      "applicationGatewayName":{
         "value":"PHL-KYMCT-AGW01"
      },
      "tier":{
         "value":"WAF_v2"
      },
       "skuSize":{
         "value":"WAF_Large"
      },
      "capacity":{
         "value":2
      },
      "subnetName":{
         "value":"WEB"
      },
      "zones":{
         "value":[]
      },
      "fqdn":{
         "value": "PHL-KYMCT-APP01.azurewebsites.net"
      },
      "privateIpAddress":{
         "value":"10.100.102.102"
      },
      "vnetId":{
      "value": "/subscriptions/<SUBSCRIPTIONID>/resourceGroups/<RESOURCEGROUPNAME>/providers/Microsoft.Network/virtualNetworks/PHL-KYMCT-VNET"
     },
     "tags": {
         "value": {
         "managedBy": "@kpmg.com.au",
         "ownedBy": "@kpmg.com.au",
         "projectName": "KYMCHAT",
         "businessUnit": "PHL",
         "environment": "DEV",
         "dataClassification": "Public",
         "costCentre": "",
         "applicationName": "KYMCHAT"
         } 
      }
    }
 }