{
    "$schema": "https://schema.management.azure.com/schemas/2019-04-01/deploymentParameters.json#",
    "contentVersion":"1.0.0.0",
    "parameters":{
      "location":{
         "value":"australiaeast"
      },
      "applicationGatewayName":{
         "value":"AUSAZPOWER-KYMCT-AGW01"
      },
      "tier":{
         "value":"WAF_v2"
      },
       "skuSize":{
         "value":"WAF_Large"
      },
      "capacity":{
         "value":2
      },
      "subnetName":{
         "value":"WEB"
      },
      "zones":{
         "value":[]
      },
      "fqdn":{
         "value": "AUSAZPOWER-KYMCT-APP01.azurewebsites.net"
      },
      "privateIpAddress":{
         "value":"10.100.102.102"
      },
      "vnetId":{
      "value": "/subscriptions/<SUBSCRIPTIONID>/resourceGroups/<RESOURCEGROUPNAME>/providers/Microsoft.Network/virtualNetworks/AUSAZPOWER-KYMCT-VNET"
     },
        "tags": {
            "value": {
              "managedBy": "astevenson3@kpmg.com.au",
              "ownedBy": "rstephan1@kpmg.com.au",
              "projectName": "KYMCHAT",
              "businessUnit": "Management Consulting",
              "environment": "DEV",
              "dataClassification": "Public",
              "costCentre": "D0159N",
              "applicationName": "KYMCHAT"
            } 
        }
    }
 }