{
    "$schema": "https://schema.management.azure.com/schemas/2019-04-01/deploymentParameters.json#",
    "contentVersion":"1.0.0.0",
    "parameters":{
      "location":{
         "value":"southeastasia"
      },
      "applicationGatewayName":{
         "value":"SGP-KYMCT-AGW01"
      },
      "tier":{
         "value":"WAF_v2"
      },
       "skuSize":{
         "value":"WAF_Large"
      },
      "capacity":{
         "value":2
      },
      "subnetName":{
         "value":"WEB"
      },
      "zones":{
         "value":[]
      },
      "fqdn":{
         "value": "SGP-KYMCT-APP01.azurewebsites.net"
      },
      "privateIpAddress":{
         "value":"10.100.102.102"
      },
      "vnetId":{
      "value": "/subscriptions/<SUBSCRIPTIONID>/resourceGroups/<RESOURCEGROUPNAME>/providers/Microsoft.Network/virtualNetworks/SGP-KYMCT-VNET"
     },
     "tags": {
         "value": {
            "managedBy": "@kpmg.com.sg",
            "ownedBy": "@kpmg.com.sg",
            "projectName": "KYMCHAT",
            "businessUnit": "SGP",
            "environment": "DEV",
            "dataClassification": "Public",
            "costCentre": "",
            "applicationName": "KYMCHAT"
         } 
      }
    }
 }