{
    "$schema": "https://schema.management.azure.com/schemas/2019-04-01/deploymentTemplate.json#",
    "contentVersion": "1.0.0.0",
    "parameters": {
        "sites_AUSAZUAT_KYM_APP02_name": {
            "type": "string"
        },
        "serverfarms_AUSAZUAT_KYM_ASP02_externalid": {
            "type": "string"
        },
        "virtualNetworks_AUSAZUAT_KYM_VNET_externalid": {
            "type": "string"
        },
        "APPINSIGHTS_INSTRUMENTATIONKEY": {
            "type": "string"
        },
        "APPINSIGHTS_PROFILERFEATURE_VERSION": {
            "type": "string"
        },
        "APPINSIGHTS_SNAPSHOTFEATURE_VERSION": {
            "type": "string"
        },
        "APPLICATIONINSIGHTS_CONFIGURATION_CONTENT": {
            "type": "string"
        },
        "APPLICATIONINSIGHTS_CONNECTION_STRING": {
            "type": "string"
        },
        "ApplicationInsightsAgent_EXTENSION_VERSION": {
            "type": "string"
        },
        "COSMOS_DB_ENDPOINT": {
            "type": "string"
        },
        "COSMOS_DB_KEY": {
            "type": "string"
        },
        "COSMOS_DB_NAME": {
            "type": "string"
        },
        "COSMOS_MONGODB_DB_NAME": {
            "type": "string"
        },
        "COSMOS_MONGODB_ENDPOINT": {
            "type": "string"
        },
        "COSMOS_MONGODB_KEY": {
            "type": "string"
        },
        "COSMOS_MONGODB_NAME": {
            "type": "string"
        },
        "DiagnosticServices_EXTENSION_VERSION": {
            "type": "string"
        },
        "DOCKER_ENABLE_CI": {
            "type": "bool"
        },
        "DOCKER_REGISTRY_SERVER_PASSWORD": {
            "type": "string"
        },
        "DOCKER_REGISTRY_SERVER_URL": {
            "type": "string"
        },
        "DOCKER_REGISTRY_SERVER_USERNAME": {
            "type": "string"
        },
        "InstrumentationEngine_EXTENSION_VERSION": {
            "type": "string"
        },
        "OPENAI_API_BASE": {
            "type": "string"
        },
        "OPENAI_API_BASE_EMBEDDING": {
            "type": "string"
        },
        "OPENAI_API_BASE_QUERY": {
            "type": "string"
        },
        "OPENAI_API_KEY": {
            "type": "string"
        },
        "OPENAI_API_TYPE": {
            "type": "string"
        },
        "OPENAI_API_VERSION": {
            "type": "string"
        },
        "SnapshotDebugger_EXTENSION_VERSION": {
            "type": "string"
        },
        "WEBSITE_HTTPLOGGING_RETENTION_DAYS": {
            "type": "string"
        },
        "WEBSITES_ENABLE_APP_SERVICE_STORAGE": {
            "type": "bool"
        },
        "XDT_MicrosoftApplicationInsights_BaseExtensions": {
            "type": "string"
        },
        "XDT_MicrosoftApplicationInsights_Mode": {
            "type": "string"
        },
        "XDT_MicrosoftApplicationInsights_PreemptSdk": {
            "type": "string"
        },
        "OTEL_PYTHON_DISABLED_INSTRUMENTATIONS": {
            "type": "bool"
        }
    },
    "variables": {},
    "resources": [
        {
            "type": "Microsoft.Web/sites",
            "apiVersion": "2022-09-01",
            "name": "[parameters('sites_AUSAZUAT_KYM_APP02_name')]",
            "location": "Australia East",
            "tags": {
                "applicationName": "KYMCHAT",
                "businessUnit": "BUS",
                "costCentre": "I0013N",
                "dataClassification": "KPMG-Confidential",
                "environment": "UAT",
                "managedBy": "natserver@kpmg.com.au",
                "ownedBy": "mhudson@kpmg.com.au",
                "projectName": "KYMCHAT",
                "requestId": "PRJ0050272"
            },
            "kind": "app,linux,container",
            "properties": {
                "enabled": true,
                "hostNameSslStates": [
                    {
                        "name": "ausazuat-kym-app02.azurewebsites.net",
                        "sslState": "Disabled",
                        "hostType": "Standard"
                    },
                    {
                        "name": "ausazuat-kym-app02.scm.azurewebsites.net",
                        "sslState": "Disabled",
                        "hostType": "Repository"
                    }
                ],
                "serverFarmId": "[parameters('serverfarms_AUSAZUAT_KYM_ASP02_externalid')]",
                "reserved": true,
                "isXenon": false,
                "hyperV": false,
                "vnetRouteAllEnabled": true,
                "vnetImagePullEnabled": false,
                "vnetContentShareEnabled": false,
                "siteConfig": {
                    "numberOfWorkers": 1,
                    "linuxFxVersion": "DOCKER|ausazuatkymacr01.azurecr.io/ai-workbench-gpt-api:latest",
                    "acrUseManagedIdentityCreds": false,
                    "alwaysOn": true,
                    "http20Enabled": false,
                    "functionAppScaleLimit": 0,
                    "minimumElasticInstanceCount": 0,
                    "appSettings": [
                        {
                            "name": "APPINSIGHTS_INSTRUMENTATIONKEY",
                            "type": "[parameters('APPINSIGHTS_INSTRUMENTATIONKEY')]"
                        },
                        {
                            "name": "APPINSIGHTS_PROFILERFEATURE_VERSION",
                            "type": "[parameters('APPINSIGHTS_PROFILERFEATURE_VERSION')]"
                        },
                        {
                            "name": "APPINSIGHTS_SNAPSHOTFEATURE_VERSION",
                            "type": "[parameters('APPINSIGHTS_SNAPSHOTFEATURE_VERSION')]"
                        },
                        {
                            "name": "APPLICATIONINSIGHTS_CONFIGURATION_CONTENT",
                            "type": "[parameters('APPLICATIONINSIGHTS_CONFIGURATION_CONTENT')]"
                        },
                        {
                            "name": "APPLICATIONINSIGHTS_CONNECTION_STRING",
                            "type": "[parameters('APPLICATIONINSIGHTS_CONNECTION_STRING')]"
                        },
                        {
                            "name": "ApplicationInsightsAgent_EXTENSION_VERSION",
                            "type": "[parameters('ApplicationInsightsAgent_EXTENSION_VERSION')]"
                        },
                        {
                            "name": "COSMOS_DB_ENDPOINT",
                            "type": "[parameters('COSMOS_DB_ENDPOINT')]"
                        },
                        {
                            "name": "COSMOS_DB_KEY",
                            "type": "[parameters('COSMOS_DB_KEY')]"
                        },
                          {
                            "name": "COSMOS_DB_NAME",
                            "type": "[parameters('COSMOS_DB_NAME')]"
                        },
                        {
                            "name": "COSMOS_MONGODB_DB_NAME",
                            "type": "[parameters('COSMOS_MONGODB_DB_NAME')]"
                        },
                        {
                            "name": "COSMOS_MONGODB_ENDPOINT",
                            "type": "[parameters('COSMOS_MONGODB_ENDPOINT')]"
                        },
                          {
                            "name": "COSMOS_MONGODB_KEY",
                            "type": "[parameters('COSMOS_MONGODB_KEY')]"
                        },
                        {
                            "name": "COSMOS_MONGODB_NAME",
                            "type": "[parameters('COSMOS_MONGODB_NAME')]"
                        },
                        {
                            "name": "DiagnosticServices_EXTENSION_VERSION",
                            "type": "[parameters('DiagnosticServices_EXTENSION_VERSION')]"
                        },
                          {
                            "name": "DOCKER_ENABLE_CI",
                            "type": "[parameters('DOCKER_ENABLE_CI')]"
                        },
                        {
                            "name": "DOCKER_REGISTRY_SERVER_PASSWORD",
                            "type": "[parameters('DOCKER_REGISTRY_SERVER_PASSWORD')]"
                        },
                        {
                            "name": "DOCKER_REGISTRY_SERVER_URL",
                            "type": "[parameters('DOCKER_REGISTRY_SERVER_URL')]"
                        },
                          {
                            "name": "DOCKER_REGISTRY_SERVER_USERNAME",
                            "type": "[parameters('DOCKER_REGISTRY_SERVER_USERNAME')]"
                        },
                        {
                            "name": "InstrumentationEngine_EXTENSION_VERSION",
                            "type": "[parameters('InstrumentationEngine_EXTENSION_VERSION')]"
                        },
                        {
                            "name": "OPENAI_API_BASE",
                            "type": "[parameters('OPENAI_API_BASE')]"
                        },
                          {
                            "name": "OPENAI_API_BASE_EMBEDDING",
                            "type": "[parameters('OPENAI_API_BASE_EMBEDDING')]"
                        },
                        {
                            "name": "OPENAI_API_BASE_QUERY",
                            "type": "[parameters('OPENAI_API_BASE_QUERY')]"
                        },
                        {
                            "name": "OPENAI_API_KEY",
                            "type": "[parameters('OPENAI_API_KEY')]"
                        },
                         {
                            "name": "OPENAI_API_TYPE",
                            "type": "[parameters('OPENAI_API_TYPE')]"
                        },
                        {
                            "name": "OPENAI_API_VERSION",
                            "type": "[parameters('OPENAI_API_VERSION')]"
                        },
                        {
                            "name": "SnapshotDebugger_EXTENSION_VERSION",
                            "type": "[parameters('SnapshotDebugger_EXTENSION_VERSION')]"
                        },
                         {
                            "name": "WEBSITE_HTTPLOGGING_RETENTION_DAYS",
                            "type": "[parameters('WEBSITE_HTTPLOGGING_RETENTION_DAYS')]"
                        },
                        {
                            "name": "WEBSITES_ENABLE_APP_SERVICE_STORAGE",
                            "type": "[parameters('WEBSITES_ENABLE_APP_SERVICE_STORAGE')]"
                        },
                        {
                            "name": "XDT_MicrosoftApplicationInsights_BaseExtensions",
                            "type": "[parameters('XDT_MicrosoftApplicationInsights_BaseExtensions')]"
                        },
                         {
                            "name": "XDT_MicrosoftApplicationInsights_Mode",
                            "type": "[parameters('XDT_MicrosoftApplicationInsights_Mode')]"
                        },
                        {
                            "name": "XDT_MicrosoftApplicationInsights_PreemptSdk",
                            "type": "[parameters('XDT_MicrosoftApplicationInsights_PreemptSdk')]"
                        },
                        {
                            "name": "OTEL_PYTHON_DISABLED_INSTRUMENTATIONS",
                            "type": "[parameters('OTEL_PYTHON_DISABLED_INSTRUMENTATIONS')]"
                        }
                    ]
                },
                "scmSiteAlsoStopped": false,
                "clientAffinityEnabled": false,
                "clientCertEnabled": false,
                "clientCertMode": "Required",
                "hostNamesDisabled": false,
                "customDomainVerificationId": "91AAFD5CFA6BF3FFCAC049230C16092147222ABA1E4173E83135789F965D38C0",
                "containerSize": 0,
                "dailyMemoryTimeQuota": 0,
                "httpsOnly": true,
                "redundancyMode": "None",
                "publicNetworkAccess": "Enabled",
                "storageAccountRequired": false,
                "virtualNetworkSubnetId": "[concat(parameters('virtualNetworks_AUSAZUAT_KYM_VNET_externalid'), '/subnets/KYM-WEB-SN04')]",
                "keyVaultReferenceIdentity": "SystemAssigned"
            }
        },
        {
            "type": "Microsoft.Web/sites/basicPublishingCredentialsPolicies",
            "apiVersion": "2022-09-01",
            "name": "[concat(parameters('sites_AUSAZUAT_KYM_APP02_name'), '/ftp')]",
            "location": "Australia East",
            "dependsOn": [
                "[resourceId('Microsoft.Web/sites', parameters('sites_AUSAZUAT_KYM_APP02_name'))]"
            ],
            "tags": {
                "applicationName": "KYMCHAT",
                "businessUnit": "BUS",
                "costCentre": "I0013N",
                "dataClassification": "KPMG-Confidential",
                "environment": "UAT",
                "managedBy": "natserver@kpmg.com.au",
                "ownedBy": "mhudson@kpmg.com.au",
                "projectName": "KYMCHAT",
                "requestId": "PRJ0050272"
            },
            "properties": {
                "allow": true
            }
        },
        {
            "type": "Microsoft.Web/sites/basicPublishingCredentialsPolicies",
            "apiVersion": "2022-09-01",
            "name": "[concat(parameters('sites_AUSAZUAT_KYM_APP02_name'), '/scm')]",
            "location": "Australia East",
            "dependsOn": [
                "[resourceId('Microsoft.Web/sites', parameters('sites_AUSAZUAT_KYM_APP02_name'))]"
            ],
            "tags": {
                "applicationName": "KYMCHAT",
                "businessUnit": "BUS",
                "costCentre": "I0013N",
                "dataClassification": "KPMG-Confidential",
                "environment": "UAT",
                "managedBy": "natserver@kpmg.com.au",
                "ownedBy": "mhudson@kpmg.com.au",
                "projectName": "KYMCHAT",
                "requestId": "PRJ0050272"
            },
            "properties": {
                "allow": true
            }
        },
        {
            "type": "Microsoft.Web/sites/config",
            "apiVersion": "2022-09-01",
            "name": "[concat(parameters('sites_AUSAZUAT_KYM_APP02_name'), '/web')]",
            "location": "Australia East",
            "dependsOn": [
                "[resourceId('Microsoft.Web/sites', parameters('sites_AUSAZUAT_KYM_APP02_name'))]"
            ],
            "tags": {
                "applicationName": "KYMCHAT",
                "businessUnit": "BUS",
                "costCentre": "I0013N",
                "dataClassification": "KPMG-Confidential",
                "environment": "UAT",
                "managedBy": "natserver@kpmg.com.au",
                "ownedBy": "mhudson@kpmg.com.au",
                "projectName": "KYMCHAT",
                "requestId": "PRJ0050272"
            },
            "properties": {
                "numberOfWorkers": 1,
                "defaultDocuments": [
                    "Default.htm",
                    "Default.html",
                    "Default.asp",
                    "index.htm",
                    "index.html",
                    "iisstart.htm",
                    "default.aspx",
                    "index.php",
                    "hostingstart.html"
                ],
                "netFrameworkVersion": "v4.0",
                "linuxFxVersion": "DOCKER|ausazuatkymacr01.azurecr.io/ai-workbench-gpt-api:latest",
                "requestTracingEnabled": false,
                "remoteDebuggingEnabled": false,
                "remoteDebuggingVersion": "VS2019",
                "httpLoggingEnabled": false,
                "acrUseManagedIdentityCreds": false,
                "logsDirectorySizeLimit": 35,
                "detailedErrorLoggingEnabled": false,
                "publishingUsername": "$AUSAZUAT-KYM-APP02",
                "scmType": "None",
                "use32BitWorkerProcess": true,
                "webSocketsEnabled": false,
                "alwaysOn": true,
                "managedPipelineMode": "Integrated",
                "virtualApplications": [
                    {
                        "virtualPath": "/",
                        "physicalPath": "site\\wwwroot",
                        "preloadEnabled": true
                    }
                ],
                "loadBalancing": "LeastRequests",
                "experiments": {
                    "rampUpRules": []
                },
                "autoHealEnabled": false,
                "vnetName": "32724297-a9da-4a2b-ab12-a6241bb64ed9_KYM-WEB-SN04",
                "vnetRouteAllEnabled": true,
                "vnetPrivatePortsCount": 0,
                "publicNetworkAccess": "Enabled",
                "localMySqlEnabled": false,
                "ipSecurityRestrictions": [
                    {
                        "vnetSubnetResourceId": "[concat(parameters('virtualNetworks_AUSAZUAT_KYM_VNET_externalid'), '/subnets/KYM-MGMT-SN00')]",
                        "action": "Allow",
                        "tag": "Default",
                        "priority": 100,
                        "name": "Allow KYM-MGT-SN00"
                    },
                    {
                        "vnetSubnetResourceId": "[concat(parameters('virtualNetworks_AUSAZUAT_KYM_VNET_externalid'), '/subnets/KYM-APP-SN02')]",
                        "action": "Allow",
                        "tag": "Default",
                        "priority": 101,
                        "name": "Allow KYM-APP-SN02"
                    },
                    {
                        "vnetSubnetResourceId": "[concat(parameters('virtualNetworks_AUSAZUAT_KYM_VNET_externalid'), '/subnets/KYM-PE-SN03')]",
                        "action": "Allow",
                        "tag": "Default",
                        "priority": 102,
                        "name": "Allow KYM-PE-SN03"
                    },
                    {
                        "vnetSubnetResourceId": "[concat(parameters('virtualNetworks_AUSAZUAT_KYM_VNET_externalid'), '/subnets/KYM-WEB-SN04')]",
                        "action": "Allow",
                        "tag": "Default",
                        "priority": 103,
                        "name": "Allow KYM-WEB-SN04"
                    },
                    {
                        "vnetSubnetResourceId": "[concat(parameters('virtualNetworks_AUSAZUAT_KYM_VNET_externalid'), '/subnets/KYM-WEBAPP-SN05')]",
                        "action": "Allow",
                        "tag": "Default",
                        "priority": 104,
                        "name": "Allow KYM-WEBAPP-SN05"
                    },
                    {
                        "ipAddress": "203.30.92.0/24",
                        "action": "Allow",
                        "tag": "Default",
                        "priority": 200,
                        "name": "KPMGExternalIP1"
                    },
                    {
                        "ipAddress": "203.30.93.0/24",
                        "action": "Allow",
                        "tag": "Default",
                        "priority": 201,
                        "name": "KPMGExternalIP2"
                    },
                    {
                        "ipAddress": "203.30.94.0/24",
                        "action": "Allow",
                        "tag": "Default",
                        "priority": 202,
                        "name": "KPMGExternalIP3"
                    },
                    {
                        "ipAddress": "203.30.95.0/24",
                        "action": "Allow",
                        "tag": "Default",
                        "priority": 203,
                        "name": "KPMGExternalIP4"
                    },
                    {
                        "ipAddress": "104.209.104.8/32",
                        "action": "Allow",
                        "tag": "Default",
                        "priority": 204,
                        "name": "Melbourne Express Route"
                    },
                    {
                        "ipAddress": "104.209.105.8/32",
                        "action": "Allow",
                        "tag": "Default",
                        "priority": 205,
                        "name": "SydneyExpressRoute1"
                    },
                    {
                        "ipAddress": "163.116.128.0/17",
                        "action": "Allow",
                        "tag": "Default",
                        "priority": 206,
                        "name": "MelbourneNetskopeDC1"
                    },
                    {
                        "ipAddress": "45.250.160.0/22",
                        "action": "Allow",
                        "tag": "Default",
                        "priority": 207,
                        "name": "SydneyNetskopeDC1"
                    },
                    {
                        "ipAddress": "0.0.0.0/0",
                        "action": "Allow",
                        "tag": "Default",
                        "priority": 2147483646,
                        "name": "KPMG_Deny_all_access"
                    },
                    {
                        "ipAddress": "Any",
                        "action": "Deny",
                        "priority": 2147483647,
                        "name": "Deny all",
                        "description": "Deny all access"
                    }
                ],
                "scmIpSecurityRestrictions": [
                    {
                        "ipAddress": "Any",
                        "action": "Allow",
                        "priority": 2147483647,
                        "name": "Allow all",
                        "description": "Allow all access"
                    }
                ],
                "scmIpSecurityRestrictionsUseMain": false,
                "http20Enabled": false,
                "minTlsVersion": "1.2",
                "scmMinTlsVersion": "1.2",
                "ftpsState": "FtpsOnly",
                "preWarmedInstanceCount": 0,
                "elasticWebAppScaleLimit": 0,
                "functionsRuntimeScaleMonitoringEnabled": false,
                "minimumElasticInstanceCount": 0,
                "azureStorageAccounts": {}
            }
        },
        {
            "type": "Microsoft.Web/sites/hostNameBindings",
            "apiVersion": "2022-09-01",
            "name": "[concat(parameters('sites_AUSAZUAT_KYM_APP02_name'), '/', parameters('sites_AUSAZUAT_KYM_APP02_name'), '.azurewebsites.net')]",
            "location": "Australia East",
            "dependsOn": [
                "[resourceId('Microsoft.Web/sites', parameters('sites_AUSAZUAT_KYM_APP02_name'))]"
            ],
            "properties": {
                "siteName": "AUSAZUAT-KYM-APP02",
                "hostNameType": "Verified"
            }
        },
        {
            "type": "Microsoft.Web/sites/privateEndpointConnections",
            "apiVersion": "2022-09-01",
            "name": "[concat(parameters('sites_AUSAZUAT_KYM_APP02_name'), '/', parameters('sites_AUSAZUAT_KYM_APP02_name'), '-PE07-1ec571d7-6b30-4e50-ba55-f2fb912afdad')]",
            "location": "Australia East",
            "dependsOn": [
                "[resourceId('Microsoft.Web/sites', parameters('sites_AUSAZUAT_KYM_APP02_name'))]"
            ],
            "properties": {
                "privateLinkServiceConnectionState": {
                    "status": "Approved",
                    "actionsRequired": "None"
                }
            }
        },
        {
            "type": "Microsoft.Web/sites/snapshots",
            "apiVersion": "2015-08-01",
            "name": "[concat(parameters('sites_AUSAZUAT_KYM_APP02_name'), '/2023-10-04T01_21_06_0658331')]",
            "dependsOn": [
                "[resourceId('Microsoft.Web/sites', parameters('sites_AUSAZUAT_KYM_APP02_name'))]"
            ]
        },
        {
            "type": "Microsoft.Web/sites/snapshots",
            "apiVersion": "2015-08-01",
            "name": "[concat(parameters('sites_AUSAZUAT_KYM_APP02_name'), '/2023-10-04T07_21_06_3903468')]",
            "dependsOn": [
                "[resourceId('Microsoft.Web/sites', parameters('sites_AUSAZUAT_KYM_APP02_name'))]"
            ]
        },
        {
            "type": "Microsoft.Web/sites/snapshots",
            "apiVersion": "2015-08-01",
            "name": "[concat(parameters('sites_AUSAZUAT_KYM_APP02_name'), '/2023-10-04T16_21_06_8757878')]",
            "dependsOn": [
                "[resourceId('Microsoft.Web/sites', parameters('sites_AUSAZUAT_KYM_APP02_name'))]"
            ]
        },
        {
            "type": "Microsoft.Web/sites/snapshots",
            "apiVersion": "2015-08-01",
            "name": "[concat(parameters('sites_AUSAZUAT_KYM_APP02_name'), '/2023-10-04T22_21_07_2693815')]",
            "dependsOn": [
                "[resourceId('Microsoft.Web/sites', parameters('sites_AUSAZUAT_KYM_APP02_name'))]"
            ]
        },
        {
            "type": "Microsoft.Web/sites/snapshots",
            "apiVersion": "2015-08-01",
            "name": "[concat(parameters('sites_AUSAZUAT_KYM_APP02_name'), '/2023-10-05T01_21_07_3480688')]",
            "dependsOn": [
                "[resourceId('Microsoft.Web/sites', parameters('sites_AUSAZUAT_KYM_APP02_name'))]"
            ]
        },
        {
            "type": "Microsoft.Web/sites/snapshots",
            "apiVersion": "2015-08-01",
            "name": "[concat(parameters('sites_AUSAZUAT_KYM_APP02_name'), '/2023-10-05T07_21_07_6727625')]",
            "dependsOn": [
                "[resourceId('Microsoft.Web/sites', parameters('sites_AUSAZUAT_KYM_APP02_name'))]"
            ]
        },
        {
            "type": "Microsoft.Web/sites/snapshots",
            "apiVersion": "2015-08-01",
            "name": "[concat(parameters('sites_AUSAZUAT_KYM_APP02_name'), '/2023-10-05T10_21_07_8091055')]",
            "dependsOn": [
                "[resourceId('Microsoft.Web/sites', parameters('sites_AUSAZUAT_KYM_APP02_name'))]"
            ]
        },
        {
            "type": "Microsoft.Web/sites/snapshots",
            "apiVersion": "2015-08-01",
            "name": "[concat(parameters('sites_AUSAZUAT_KYM_APP02_name'), '/2023-10-05T13_21_08_0218564')]",
            "dependsOn": [
                "[resourceId('Microsoft.Web/sites', parameters('sites_AUSAZUAT_KYM_APP02_name'))]"
            ]
        },
        {
            "type": "Microsoft.Web/sites/snapshots",
            "apiVersion": "2015-08-01",
            "name": "[concat(parameters('sites_AUSAZUAT_KYM_APP02_name'), '/2023-10-05T16_21_08_1183871')]",
            "dependsOn": [
                "[resourceId('Microsoft.Web/sites', parameters('sites_AUSAZUAT_KYM_APP02_name'))]"
            ]
        },
        {
            "type": "Microsoft.Web/sites/snapshots",
            "apiVersion": "2015-08-01",
            "name": "[concat(parameters('sites_AUSAZUAT_KYM_APP02_name'), '/2023-10-05T22_21_08_4255234')]",
            "dependsOn": [
                "[resourceId('Microsoft.Web/sites', parameters('sites_AUSAZUAT_KYM_APP02_name'))]"
            ]
        },
        {
            "type": "Microsoft.Web/sites/snapshots",
            "apiVersion": "2015-08-01",
            "name": "[concat(parameters('sites_AUSAZUAT_KYM_APP02_name'), '/2023-10-06T01_21_08_5685395')]",
            "dependsOn": [
                "[resourceId('Microsoft.Web/sites', parameters('sites_AUSAZUAT_KYM_APP02_name'))]"
            ]
        },
        {
            "type": "Microsoft.Web/sites/snapshots",
            "apiVersion": "2015-08-01",
            "name": "[concat(parameters('sites_AUSAZUAT_KYM_APP02_name'), '/2023-10-06T07_21_08_8420794')]",
            "dependsOn": [
                "[resourceId('Microsoft.Web/sites', parameters('sites_AUSAZUAT_KYM_APP02_name'))]"
            ]
        },
        {
            "type": "Microsoft.Web/sites/snapshots",
            "apiVersion": "2015-08-01",
            "name": "[concat(parameters('sites_AUSAZUAT_KYM_APP02_name'), '/2023-10-06T10_21_09_0018574')]",
            "dependsOn": [
                "[resourceId('Microsoft.Web/sites', parameters('sites_AUSAZUAT_KYM_APP02_name'))]"
            ]
        },
        {
            "type": "Microsoft.Web/sites/snapshots",
            "apiVersion": "2015-08-01",
            "name": "[concat(parameters('sites_AUSAZUAT_KYM_APP02_name'), '/2023-10-06T13_21_09_1990300')]",
            "dependsOn": [
                "[resourceId('Microsoft.Web/sites', parameters('sites_AUSAZUAT_KYM_APP02_name'))]"
            ]
        },
        {
            "type": "Microsoft.Web/sites/snapshots",
            "apiVersion": "2015-08-01",
            "name": "[concat(parameters('sites_AUSAZUAT_KYM_APP02_name'), '/2023-10-06T16_21_09_3378261')]",
            "dependsOn": [
                "[resourceId('Microsoft.Web/sites', parameters('sites_AUSAZUAT_KYM_APP02_name'))]"
            ]
        },
        {
            "type": "Microsoft.Web/sites/snapshots",
            "apiVersion": "2015-08-01",
            "name": "[concat(parameters('sites_AUSAZUAT_KYM_APP02_name'), '/2023-10-06T22_21_09_6369127')]",
            "dependsOn": [
                "[resourceId('Microsoft.Web/sites', parameters('sites_AUSAZUAT_KYM_APP02_name'))]"
            ]
        },
        {
            "type": "Microsoft.Web/sites/snapshots",
            "apiVersion": "2015-08-01",
            "name": "[concat(parameters('sites_AUSAZUAT_KYM_APP02_name'), '/2023-10-07T01_21_09_7792013')]",
            "dependsOn": [
                "[resourceId('Microsoft.Web/sites', parameters('sites_AUSAZUAT_KYM_APP02_name'))]"
            ]
        },
        {
            "type": "Microsoft.Web/sites/snapshots",
            "apiVersion": "2015-08-01",
            "name": "[concat(parameters('sites_AUSAZUAT_KYM_APP02_name'), '/2023-10-07T07_21_10_0745005')]",
            "dependsOn": [
                "[resourceId('Microsoft.Web/sites', parameters('sites_AUSAZUAT_KYM_APP02_name'))]"
            ]
        },
        {
            "type": "Microsoft.Web/sites/snapshots",
            "apiVersion": "2015-08-01",
            "name": "[concat(parameters('sites_AUSAZUAT_KYM_APP02_name'), '/2023-10-07T10_21_10_2097062')]",
            "dependsOn": [
                "[resourceId('Microsoft.Web/sites', parameters('sites_AUSAZUAT_KYM_APP02_name'))]"
            ]
        },
        {
            "type": "Microsoft.Web/sites/snapshots",
            "apiVersion": "2015-08-01",
            "name": "[concat(parameters('sites_AUSAZUAT_KYM_APP02_name'), '/2023-10-07T13_21_10_3726546')]",
            "dependsOn": [
                "[resourceId('Microsoft.Web/sites', parameters('sites_AUSAZUAT_KYM_APP02_name'))]"
            ]
        },
        {
            "type": "Microsoft.Web/sites/snapshots",
            "apiVersion": "2015-08-01",
            "name": "[concat(parameters('sites_AUSAZUAT_KYM_APP02_name'), '/2023-10-07T16_21_10_5188404')]",
            "dependsOn": [
                "[resourceId('Microsoft.Web/sites', parameters('sites_AUSAZUAT_KYM_APP02_name'))]"
            ]
        },
        {
            "type": "Microsoft.Web/sites/snapshots",
            "apiVersion": "2015-08-01",
            "name": "[concat(parameters('sites_AUSAZUAT_KYM_APP02_name'), '/2023-10-07T22_21_10_8024289')]",
            "dependsOn": [
                "[resourceId('Microsoft.Web/sites', parameters('sites_AUSAZUAT_KYM_APP02_name'))]"
            ]
        },
        {
            "type": "Microsoft.Web/sites/snapshots",
            "apiVersion": "2015-08-01",
            "name": "[concat(parameters('sites_AUSAZUAT_KYM_APP02_name'), '/2023-10-08T01_21_10_9362072')]",
            "dependsOn": [
                "[resourceId('Microsoft.Web/sites', parameters('sites_AUSAZUAT_KYM_APP02_name'))]"
            ]
        },
        {
            "type": "Microsoft.Web/sites/snapshots",
            "apiVersion": "2015-08-01",
            "name": "[concat(parameters('sites_AUSAZUAT_KYM_APP02_name'), '/2023-10-08T07_21_11_2239281')]",
            "dependsOn": [
                "[resourceId('Microsoft.Web/sites', parameters('sites_AUSAZUAT_KYM_APP02_name'))]"
            ]
        },
        {
            "type": "Microsoft.Web/sites/snapshots",
            "apiVersion": "2015-08-01",
            "name": "[concat(parameters('sites_AUSAZUAT_KYM_APP02_name'), '/2023-10-08T10_21_11_3585845')]",
            "dependsOn": [
                "[resourceId('Microsoft.Web/sites', parameters('sites_AUSAZUAT_KYM_APP02_name'))]"
            ]
        },
        {
            "type": "Microsoft.Web/sites/snapshots",
            "apiVersion": "2015-08-01",
            "name": "[concat(parameters('sites_AUSAZUAT_KYM_APP02_name'), '/2023-10-08T13_21_11_5035977')]",
            "dependsOn": [
                "[resourceId('Microsoft.Web/sites', parameters('sites_AUSAZUAT_KYM_APP02_name'))]"
            ]
        },
        {
            "type": "Microsoft.Web/sites/snapshots",
            "apiVersion": "2015-08-01",
            "name": "[concat(parameters('sites_AUSAZUAT_KYM_APP02_name'), '/2023-10-08T16_21_11_6582942')]",
            "dependsOn": [
                "[resourceId('Microsoft.Web/sites', parameters('sites_AUSAZUAT_KYM_APP02_name'))]"
            ]
        },
        {
            "type": "Microsoft.Web/sites/snapshots",
            "apiVersion": "2015-08-01",
            "name": "[concat(parameters('sites_AUSAZUAT_KYM_APP02_name'), '/2023-10-08T22_21_11_9741569')]",
            "dependsOn": [
                "[resourceId('Microsoft.Web/sites', parameters('sites_AUSAZUAT_KYM_APP02_name'))]"
            ]
        },
        {
            "type": "Microsoft.Web/sites/snapshots",
            "apiVersion": "2015-08-01",
            "name": "[concat(parameters('sites_AUSAZUAT_KYM_APP02_name'), '/2023-10-09T01_21_12_1262345')]",
            "dependsOn": [
                "[resourceId('Microsoft.Web/sites', parameters('sites_AUSAZUAT_KYM_APP02_name'))]"
            ]
        },
        {
            "type": "Microsoft.Web/sites/snapshots",
            "apiVersion": "2015-08-01",
            "name": "[concat(parameters('sites_AUSAZUAT_KYM_APP02_name'), '/2023-10-09T07_21_12_4378134')]",
            "dependsOn": [
                "[resourceId('Microsoft.Web/sites', parameters('sites_AUSAZUAT_KYM_APP02_name'))]"
            ]
        },
        {
            "type": "Microsoft.Web/sites/snapshots",
            "apiVersion": "2015-08-01",
            "name": "[concat(parameters('sites_AUSAZUAT_KYM_APP02_name'), '/2023-10-09T10_21_12_5913057')]",
            "dependsOn": [
                "[resourceId('Microsoft.Web/sites', parameters('sites_AUSAZUAT_KYM_APP02_name'))]"
            ]
        },
        {
            "type": "Microsoft.Web/sites/snapshots",
            "apiVersion": "2015-08-01",
            "name": "[concat(parameters('sites_AUSAZUAT_KYM_APP02_name'), '/2023-10-09T13_21_12_7290661')]",
            "dependsOn": [
                "[resourceId('Microsoft.Web/sites', parameters('sites_AUSAZUAT_KYM_APP02_name'))]"
            ]
        },
        {
            "type": "Microsoft.Web/sites/snapshots",
            "apiVersion": "2015-08-01",
            "name": "[concat(parameters('sites_AUSAZUAT_KYM_APP02_name'), '/2023-10-09T16_21_12_8714084')]",
            "dependsOn": [
                "[resourceId('Microsoft.Web/sites', parameters('sites_AUSAZUAT_KYM_APP02_name'))]"
            ]
        },
        {
            "type": "Microsoft.Web/sites/snapshots",
            "apiVersion": "2015-08-01",
            "name": "[concat(parameters('sites_AUSAZUAT_KYM_APP02_name'), '/2023-10-09T22_21_13_2074956')]",
            "dependsOn": [
                "[resourceId('Microsoft.Web/sites', parameters('sites_AUSAZUAT_KYM_APP02_name'))]"
            ]
        },
        {
            "type": "Microsoft.Web/sites/snapshots",
            "apiVersion": "2015-08-01",
            "name": "[concat(parameters('sites_AUSAZUAT_KYM_APP02_name'), '/2023-10-10T01_21_13_3321018')]",
            "dependsOn": [
                "[resourceId('Microsoft.Web/sites', parameters('sites_AUSAZUAT_KYM_APP02_name'))]"
            ]
        },
        {
            "type": "Microsoft.Web/sites/snapshots",
            "apiVersion": "2015-08-01",
            "name": "[concat(parameters('sites_AUSAZUAT_KYM_APP02_name'), '/2023-10-10T07_21_13_6493494')]",
            "dependsOn": [
                "[resourceId('Microsoft.Web/sites', parameters('sites_AUSAZUAT_KYM_APP02_name'))]"
            ]
        },
        {
            "type": "Microsoft.Web/sites/snapshots",
            "apiVersion": "2015-08-01",
            "name": "[concat(parameters('sites_AUSAZUAT_KYM_APP02_name'), '/2023-10-10T10_21_13_7781044')]",
            "dependsOn": [
                "[resourceId('Microsoft.Web/sites', parameters('sites_AUSAZUAT_KYM_APP02_name'))]"
            ]
        },
        {
            "type": "Microsoft.Web/sites/snapshots",
            "apiVersion": "2015-08-01",
            "name": "[concat(parameters('sites_AUSAZUAT_KYM_APP02_name'), '/2023-10-10T13_21_13_9183467')]",
            "dependsOn": [
                "[resourceId('Microsoft.Web/sites', parameters('sites_AUSAZUAT_KYM_APP02_name'))]"
            ]
        },
        {
            "type": "Microsoft.Web/sites/snapshots",
            "apiVersion": "2015-08-01",
            "name": "[concat(parameters('sites_AUSAZUAT_KYM_APP02_name'), '/2023-10-10T16_21_14_2401415')]",
            "dependsOn": [
                "[resourceId('Microsoft.Web/sites', parameters('sites_AUSAZUAT_KYM_APP02_name'))]"
            ]
        },
        {
            "type": "Microsoft.Web/sites/snapshots",
            "apiVersion": "2015-08-01",
            "name": "[concat(parameters('sites_AUSAZUAT_KYM_APP02_name'), '/2023-10-10T22_21_14_3695503')]",
            "dependsOn": [
                "[resourceId('Microsoft.Web/sites', parameters('sites_AUSAZUAT_KYM_APP02_name'))]"
            ]
        },
        {
            "type": "Microsoft.Web/sites/snapshots",
            "apiVersion": "2015-08-01",
            "name": "[concat(parameters('sites_AUSAZUAT_KYM_APP02_name'), '/2023-10-11T01_21_14_4614646')]",
            "dependsOn": [
                "[resourceId('Microsoft.Web/sites', parameters('sites_AUSAZUAT_KYM_APP02_name'))]"
            ]
        },
        {
            "type": "Microsoft.Web/sites/snapshots",
            "apiVersion": "2015-08-01",
            "name": "[concat(parameters('sites_AUSAZUAT_KYM_APP02_name'), '/2023-10-11T07_21_14_5934854')]",
            "dependsOn": [
                "[resourceId('Microsoft.Web/sites', parameters('sites_AUSAZUAT_KYM_APP02_name'))]"
            ]
        },
        {
            "type": "Microsoft.Web/sites/snapshots",
            "apiVersion": "2015-08-01",
            "name": "[concat(parameters('sites_AUSAZUAT_KYM_APP02_name'), '/2023-10-11T10_21_14_6613873')]",
            "dependsOn": [
                "[resourceId('Microsoft.Web/sites', parameters('sites_AUSAZUAT_KYM_APP02_name'))]"
            ]
        },
        {
            "type": "Microsoft.Web/sites/snapshots",
            "apiVersion": "2015-08-01",
            "name": "[concat(parameters('sites_AUSAZUAT_KYM_APP02_name'), '/2023-10-11T13_21_14_7139484')]",
            "dependsOn": [
                "[resourceId('Microsoft.Web/sites', parameters('sites_AUSAZUAT_KYM_APP02_name'))]"
            ]
        },
        {
            "type": "Microsoft.Web/sites/snapshots",
            "apiVersion": "2015-08-01",
            "name": "[concat(parameters('sites_AUSAZUAT_KYM_APP02_name'), '/2023-10-11T16_21_14_7854296')]",
            "dependsOn": [
                "[resourceId('Microsoft.Web/sites', parameters('sites_AUSAZUAT_KYM_APP02_name'))]"
            ]
        },
        {
            "type": "Microsoft.Web/sites/snapshots",
            "apiVersion": "2015-08-01",
            "name": "[concat(parameters('sites_AUSAZUAT_KYM_APP02_name'), '/2023-10-11T22_21_14_9168005')]",
            "dependsOn": [
                "[resourceId('Microsoft.Web/sites', parameters('sites_AUSAZUAT_KYM_APP02_name'))]"
            ]
        },
        {
            "type": "Microsoft.Web/sites/snapshots",
            "apiVersion": "2015-08-01",
            "name": "[concat(parameters('sites_AUSAZUAT_KYM_APP02_name'), '/2023-10-12T01_21_14_9947391')]",
            "dependsOn": [
                "[resourceId('Microsoft.Web/sites', parameters('sites_AUSAZUAT_KYM_APP02_name'))]"
            ]
        },
        {
            "type": "Microsoft.Web/sites/snapshots",
            "apiVersion": "2015-08-01",
            "name": "[concat(parameters('sites_AUSAZUAT_KYM_APP02_name'), '/2023-10-12T07_21_15_1468491')]",
            "dependsOn": [
                "[resourceId('Microsoft.Web/sites', parameters('sites_AUSAZUAT_KYM_APP02_name'))]"
            ]
        },
        {
            "type": "Microsoft.Web/sites/snapshots",
            "apiVersion": "2015-08-01",
            "name": "[concat(parameters('sites_AUSAZUAT_KYM_APP02_name'), '/2023-10-12T10_21_15_2136614')]",
            "dependsOn": [
                "[resourceId('Microsoft.Web/sites', parameters('sites_AUSAZUAT_KYM_APP02_name'))]"
            ]
        },
        {
            "type": "Microsoft.Web/sites/snapshots",
            "apiVersion": "2015-08-01",
            "name": "[concat(parameters('sites_AUSAZUAT_KYM_APP02_name'), '/2023-10-12T13_21_15_2878044')]",
            "dependsOn": [
                "[resourceId('Microsoft.Web/sites', parameters('sites_AUSAZUAT_KYM_APP02_name'))]"
            ]
        },
        {
            "type": "Microsoft.Web/sites/snapshots",
            "apiVersion": "2015-08-01",
            "name": "[concat(parameters('sites_AUSAZUAT_KYM_APP02_name'), '/2023-10-12T16_21_15_3687563')]",
            "dependsOn": [
                "[resourceId('Microsoft.Web/sites', parameters('sites_AUSAZUAT_KYM_APP02_name'))]"
            ]
        },
        {
            "type": "Microsoft.Web/sites/snapshots",
            "apiVersion": "2015-08-01",
            "name": "[concat(parameters('sites_AUSAZUAT_KYM_APP02_name'), '/2023-10-12T22_21_15_4955585')]",
            "dependsOn": [
                "[resourceId('Microsoft.Web/sites', parameters('sites_AUSAZUAT_KYM_APP02_name'))]"
            ]
        },
        {
            "type": "Microsoft.Web/sites/snapshots",
            "apiVersion": "2015-08-01",
            "name": "[concat(parameters('sites_AUSAZUAT_KYM_APP02_name'), '/2023-10-13T01_21_15_5588092')]",
            "dependsOn": [
                "[resourceId('Microsoft.Web/sites', parameters('sites_AUSAZUAT_KYM_APP02_name'))]"
            ]
        },
        {
            "type": "Microsoft.Web/sites/snapshots",
            "apiVersion": "2015-08-01",
            "name": "[concat(parameters('sites_AUSAZUAT_KYM_APP02_name'), '/2023-10-13T07_21_15_7026124')]",
            "dependsOn": [
                "[resourceId('Microsoft.Web/sites', parameters('sites_AUSAZUAT_KYM_APP02_name'))]"
            ]
        },
        {
            "type": "Microsoft.Web/sites/snapshots",
            "apiVersion": "2015-08-01",
            "name": "[concat(parameters('sites_AUSAZUAT_KYM_APP02_name'), '/2023-10-13T10_21_15_7768192')]",
            "dependsOn": [
                "[resourceId('Microsoft.Web/sites', parameters('sites_AUSAZUAT_KYM_APP02_name'))]"
            ]
        },
        {
            "type": "Microsoft.Web/sites/snapshots",
            "apiVersion": "2015-08-01",
            "name": "[concat(parameters('sites_AUSAZUAT_KYM_APP02_name'), '/2023-10-13T13_21_15_8443599')]",
            "dependsOn": [
                "[resourceId('Microsoft.Web/sites', parameters('sites_AUSAZUAT_KYM_APP02_name'))]"
            ]
        },
        {
            "type": "Microsoft.Web/sites/snapshots",
            "apiVersion": "2015-08-01",
            "name": "[concat(parameters('sites_AUSAZUAT_KYM_APP02_name'), '/2023-10-13T16_21_15_9180275')]",
            "dependsOn": [
                "[resourceId('Microsoft.Web/sites', parameters('sites_AUSAZUAT_KYM_APP02_name'))]"
            ]
        },
        {
            "type": "Microsoft.Web/sites/snapshots",
            "apiVersion": "2015-08-01",
            "name": "[concat(parameters('sites_AUSAZUAT_KYM_APP02_name'), '/2023-10-13T22_21_16_0833793')]",
            "dependsOn": [
                "[resourceId('Microsoft.Web/sites', parameters('sites_AUSAZUAT_KYM_APP02_name'))]"
            ]
        },
        {
            "type": "Microsoft.Web/sites/snapshots",
            "apiVersion": "2015-08-01",
            "name": "[concat(parameters('sites_AUSAZUAT_KYM_APP02_name'), '/2023-10-14T01_21_16_1486106')]",
            "dependsOn": [
                "[resourceId('Microsoft.Web/sites', parameters('sites_AUSAZUAT_KYM_APP02_name'))]"
            ]
        },
        {
            "type": "Microsoft.Web/sites/snapshots",
            "apiVersion": "2015-08-01",
            "name": "[concat(parameters('sites_AUSAZUAT_KYM_APP02_name'), '/2023-10-14T07_21_16_3038593')]",
            "dependsOn": [
                "[resourceId('Microsoft.Web/sites', parameters('sites_AUSAZUAT_KYM_APP02_name'))]"
            ]
        },
        {
            "type": "Microsoft.Web/sites/snapshots",
            "apiVersion": "2015-08-01",
            "name": "[concat(parameters('sites_AUSAZUAT_KYM_APP02_name'), '/2023-10-14T10_21_16_3736745')]",
            "dependsOn": [
                "[resourceId('Microsoft.Web/sites', parameters('sites_AUSAZUAT_KYM_APP02_name'))]"
            ]
        },
        {
            "type": "Microsoft.Web/sites/snapshots",
            "apiVersion": "2015-08-01",
            "name": "[concat(parameters('sites_AUSAZUAT_KYM_APP02_name'), '/2023-10-14T13_21_16_4417406')]",
            "dependsOn": [
                "[resourceId('Microsoft.Web/sites', parameters('sites_AUSAZUAT_KYM_APP02_name'))]"
            ]
        },
        {
            "type": "Microsoft.Web/sites/snapshots",
            "apiVersion": "2015-08-01",
            "name": "[concat(parameters('sites_AUSAZUAT_KYM_APP02_name'), '/2023-10-14T16_21_16_5142350')]",
            "dependsOn": [
                "[resourceId('Microsoft.Web/sites', parameters('sites_AUSAZUAT_KYM_APP02_name'))]"
            ]
        },
        {
            "type": "Microsoft.Web/sites/snapshots",
            "apiVersion": "2015-08-01",
            "name": "[concat(parameters('sites_AUSAZUAT_KYM_APP02_name'), '/2023-10-14T22_21_16_6390509')]",
            "dependsOn": [
                "[resourceId('Microsoft.Web/sites', parameters('sites_AUSAZUAT_KYM_APP02_name'))]"
            ]
        },
        {
            "type": "Microsoft.Web/sites/snapshots",
            "apiVersion": "2015-08-01",
            "name": "[concat(parameters('sites_AUSAZUAT_KYM_APP02_name'), '/2023-10-15T01_21_16_7077999')]",
            "dependsOn": [
                "[resourceId('Microsoft.Web/sites', parameters('sites_AUSAZUAT_KYM_APP02_name'))]"
            ]
        },
        {
            "type": "Microsoft.Web/sites/snapshots",
            "apiVersion": "2015-08-01",
            "name": "[concat(parameters('sites_AUSAZUAT_KYM_APP02_name'), '/2023-10-15T05_21_16_7942338')]",
            "dependsOn": [
                "[resourceId('Microsoft.Web/sites', parameters('sites_AUSAZUAT_KYM_APP02_name'))]"
            ]
        },
        {
            "type": "Microsoft.Web/sites/snapshots",
            "apiVersion": "2015-08-01",
            "name": "[concat(parameters('sites_AUSAZUAT_KYM_APP02_name'), '/2023-10-15T06_21_16_8333472')]",
            "dependsOn": [
                "[resourceId('Microsoft.Web/sites', parameters('sites_AUSAZUAT_KYM_APP02_name'))]"
            ]
        },
        {
            "type": "Microsoft.Web/sites/snapshots",
            "apiVersion": "2015-08-01",
            "name": "[concat(parameters('sites_AUSAZUAT_KYM_APP02_name'), '/2023-10-15T07_21_16_8709208')]",
            "dependsOn": [
                "[resourceId('Microsoft.Web/sites', parameters('sites_AUSAZUAT_KYM_APP02_name'))]"
            ]
        },
        {
            "type": "Microsoft.Web/sites/snapshots",
            "apiVersion": "2015-08-01",
            "name": "[concat(parameters('sites_AUSAZUAT_KYM_APP02_name'), '/2023-10-15T08_21_16_8648324')]",
            "dependsOn": [
                "[resourceId('Microsoft.Web/sites', parameters('sites_AUSAZUAT_KYM_APP02_name'))]"
            ]
        },
        {
            "type": "Microsoft.Web/sites/snapshots",
            "apiVersion": "2015-08-01",
            "name": "[concat(parameters('sites_AUSAZUAT_KYM_APP02_name'), '/2023-10-15T09_21_16_8827116')]",
            "dependsOn": [
                "[resourceId('Microsoft.Web/sites', parameters('sites_AUSAZUAT_KYM_APP02_name'))]"
            ]
        },
        {
            "type": "Microsoft.Web/sites/snapshots",
            "apiVersion": "2015-08-01",
            "name": "[concat(parameters('sites_AUSAZUAT_KYM_APP02_name'), '/2023-10-15T10_21_16_9093456')]",
            "dependsOn": [
                "[resourceId('Microsoft.Web/sites', parameters('sites_AUSAZUAT_KYM_APP02_name'))]"
            ]
        },
        {
            "type": "Microsoft.Web/sites/snapshots",
            "apiVersion": "2015-08-01",
            "name": "[concat(parameters('sites_AUSAZUAT_KYM_APP02_name'), '/2023-10-15T11_21_16_9237939')]",
            "dependsOn": [
                "[resourceId('Microsoft.Web/sites', parameters('sites_AUSAZUAT_KYM_APP02_name'))]"
            ]
        },
        {
            "type": "Microsoft.Web/sites/snapshots",
            "apiVersion": "2015-08-01",
            "name": "[concat(parameters('sites_AUSAZUAT_KYM_APP02_name'), '/2023-10-15T12_21_16_9364076')]",
            "dependsOn": [
                "[resourceId('Microsoft.Web/sites', parameters('sites_AUSAZUAT_KYM_APP02_name'))]"
            ]
        },
        {
            "type": "Microsoft.Web/sites/snapshots",
            "apiVersion": "2015-08-01",
            "name": "[concat(parameters('sites_AUSAZUAT_KYM_APP02_name'), '/2023-10-15T13_21_16_9725622')]",
            "dependsOn": [
                "[resourceId('Microsoft.Web/sites', parameters('sites_AUSAZUAT_KYM_APP02_name'))]"
            ]
        },
        {
            "type": "Microsoft.Web/sites/snapshots",
            "apiVersion": "2015-08-01",
            "name": "[concat(parameters('sites_AUSAZUAT_KYM_APP02_name'), '/2023-10-15T14_21_16_9936662')]",
            "dependsOn": [
                "[resourceId('Microsoft.Web/sites', parameters('sites_AUSAZUAT_KYM_APP02_name'))]"
            ]
        },
        {
            "type": "Microsoft.Web/sites/snapshots",
            "apiVersion": "2015-08-01",
            "name": "[concat(parameters('sites_AUSAZUAT_KYM_APP02_name'), '/2023-10-15T15_21_17_0132595')]",
            "dependsOn": [
                "[resourceId('Microsoft.Web/sites', parameters('sites_AUSAZUAT_KYM_APP02_name'))]"
            ]
        },
        {
            "type": "Microsoft.Web/sites/snapshots",
            "apiVersion": "2015-08-01",
            "name": "[concat(parameters('sites_AUSAZUAT_KYM_APP02_name'), '/2023-10-15T16_21_17_0496201')]",
            "dependsOn": [
                "[resourceId('Microsoft.Web/sites', parameters('sites_AUSAZUAT_KYM_APP02_name'))]"
            ]
        },
        {
            "type": "Microsoft.Web/sites/snapshots",
            "apiVersion": "2015-08-01",
            "name": "[concat(parameters('sites_AUSAZUAT_KYM_APP02_name'), '/2023-10-15T17_21_17_0701298')]",
            "dependsOn": [
                "[resourceId('Microsoft.Web/sites', parameters('sites_AUSAZUAT_KYM_APP02_name'))]"
            ]
        },
        {
            "type": "Microsoft.Web/sites/snapshots",
            "apiVersion": "2015-08-01",
            "name": "[concat(parameters('sites_AUSAZUAT_KYM_APP02_name'), '/2023-10-15T18_21_17_1084655')]",
            "dependsOn": [
                "[resourceId('Microsoft.Web/sites', parameters('sites_AUSAZUAT_KYM_APP02_name'))]"
            ]
        },
        {
            "type": "Microsoft.Web/sites/snapshots",
            "apiVersion": "2015-08-01",
            "name": "[concat(parameters('sites_AUSAZUAT_KYM_APP02_name'), '/2023-10-15T19_21_17_1299970')]",
            "dependsOn": [
                "[resourceId('Microsoft.Web/sites', parameters('sites_AUSAZUAT_KYM_APP02_name'))]"
            ]
        },
        {
            "type": "Microsoft.Web/sites/snapshots",
            "apiVersion": "2015-08-01",
            "name": "[concat(parameters('sites_AUSAZUAT_KYM_APP02_name'), '/2023-10-15T20_21_17_1501041')]",
            "dependsOn": [
                "[resourceId('Microsoft.Web/sites', parameters('sites_AUSAZUAT_KYM_APP02_name'))]"
            ]
        },
        {
            "type": "Microsoft.Web/sites/snapshots",
            "apiVersion": "2015-08-01",
            "name": "[concat(parameters('sites_AUSAZUAT_KYM_APP02_name'), '/2023-10-15T21_21_17_1867099')]",
            "dependsOn": [
                "[resourceId('Microsoft.Web/sites', parameters('sites_AUSAZUAT_KYM_APP02_name'))]"
            ]
        },
        {
            "type": "Microsoft.Web/sites/snapshots",
            "apiVersion": "2015-08-01",
            "name": "[concat(parameters('sites_AUSAZUAT_KYM_APP02_name'), '/2023-10-15T22_21_17_1979769')]",
            "dependsOn": [
                "[resourceId('Microsoft.Web/sites', parameters('sites_AUSAZUAT_KYM_APP02_name'))]"
            ]
        },
        {
            "type": "Microsoft.Web/sites/snapshots",
            "apiVersion": "2015-08-01",
            "name": "[concat(parameters('sites_AUSAZUAT_KYM_APP02_name'), '/2023-10-15T23_21_17_2237430')]",
            "dependsOn": [
                "[resourceId('Microsoft.Web/sites', parameters('sites_AUSAZUAT_KYM_APP02_name'))]"
            ]
        },
        {
            "type": "Microsoft.Web/sites/snapshots",
            "apiVersion": "2015-08-01",
            "name": "[concat(parameters('sites_AUSAZUAT_KYM_APP02_name'), '/2023-10-16T00_21_17_2635297')]",
            "dependsOn": [
                "[resourceId('Microsoft.Web/sites', parameters('sites_AUSAZUAT_KYM_APP02_name'))]"
            ]
        },
        {
            "type": "Microsoft.Web/sites/snapshots",
            "apiVersion": "2015-08-01",
            "name": "[concat(parameters('sites_AUSAZUAT_KYM_APP02_name'), '/2023-10-16T01_21_17_2862237')]",
            "dependsOn": [
                "[resourceId('Microsoft.Web/sites', parameters('sites_AUSAZUAT_KYM_APP02_name'))]"
            ]
        },
        {
            "type": "Microsoft.Web/sites/snapshots",
            "apiVersion": "2015-08-01",
            "name": "[concat(parameters('sites_AUSAZUAT_KYM_APP02_name'), '/2023-10-16T02_21_17_3160413')]",
            "dependsOn": [
                "[resourceId('Microsoft.Web/sites', parameters('sites_AUSAZUAT_KYM_APP02_name'))]"
            ]
        },
        {
            "type": "Microsoft.Web/sites/snapshots",
            "apiVersion": "2015-08-01",
            "name": "[concat(parameters('sites_AUSAZUAT_KYM_APP02_name'), '/2023-10-16T03_21_17_3311477')]",
            "dependsOn": [
                "[resourceId('Microsoft.Web/sites', parameters('sites_AUSAZUAT_KYM_APP02_name'))]"
            ]
        },
        {
            "type": "Microsoft.Web/sites/snapshots",
            "apiVersion": "2015-08-01",
            "name": "[concat(parameters('sites_AUSAZUAT_KYM_APP02_name'), '/2023-10-16T04_21_17_3488415')]",
            "dependsOn": [
                "[resourceId('Microsoft.Web/sites', parameters('sites_AUSAZUAT_KYM_APP02_name'))]"
            ]
        },
        {
            "type": "Microsoft.Web/sites/snapshots",
            "apiVersion": "2015-08-01",
            "name": "[concat(parameters('sites_AUSAZUAT_KYM_APP02_name'), '/2023-10-16T05_21_17_3581652')]",
            "dependsOn": [
                "[resourceId('Microsoft.Web/sites', parameters('sites_AUSAZUAT_KYM_APP02_name'))]"
            ]
        },
        {
            "type": "Microsoft.Web/sites/snapshots",
            "apiVersion": "2015-08-01",
            "name": "[concat(parameters('sites_AUSAZUAT_KYM_APP02_name'), '/2023-10-16T06_21_17_3962154')]",
            "dependsOn": [
                "[resourceId('Microsoft.Web/sites', parameters('sites_AUSAZUAT_KYM_APP02_name'))]"
            ]
        },
        {
            "type": "Microsoft.Web/sites/snapshots",
            "apiVersion": "2015-08-01",
            "name": "[concat(parameters('sites_AUSAZUAT_KYM_APP02_name'), '/2023-10-16T07_21_17_4226351')]",
            "dependsOn": [
                "[resourceId('Microsoft.Web/sites', parameters('sites_AUSAZUAT_KYM_APP02_name'))]"
            ]
        },
        {
            "type": "Microsoft.Web/sites/snapshots",
            "apiVersion": "2015-08-01",
            "name": "[concat(parameters('sites_AUSAZUAT_KYM_APP02_name'), '/2023-10-16T08_21_17_4515039')]",
            "dependsOn": [
                "[resourceId('Microsoft.Web/sites', parameters('sites_AUSAZUAT_KYM_APP02_name'))]"
            ]
        },
        {
            "type": "Microsoft.Web/sites/snapshots",
            "apiVersion": "2015-08-01",
            "name": "[concat(parameters('sites_AUSAZUAT_KYM_APP02_name'), '/2023-10-16T09_21_17_4748486')]",
            "dependsOn": [
                "[resourceId('Microsoft.Web/sites', parameters('sites_AUSAZUAT_KYM_APP02_name'))]"
            ]
        },
        {
            "type": "Microsoft.Web/sites/snapshots",
            "apiVersion": "2015-08-01",
            "name": "[concat(parameters('sites_AUSAZUAT_KYM_APP02_name'), '/2023-10-16T10_21_17_4877456')]",
            "dependsOn": [
                "[resourceId('Microsoft.Web/sites', parameters('sites_AUSAZUAT_KYM_APP02_name'))]"
            ]
        },
        {
            "type": "Microsoft.Web/sites/snapshots",
            "apiVersion": "2015-08-01",
            "name": "[concat(parameters('sites_AUSAZUAT_KYM_APP02_name'), '/2023-10-16T11_21_17_5101852')]",
            "dependsOn": [
                "[resourceId('Microsoft.Web/sites', parameters('sites_AUSAZUAT_KYM_APP02_name'))]"
            ]
        },
        {
            "type": "Microsoft.Web/sites/snapshots",
            "apiVersion": "2015-08-01",
            "name": "[concat(parameters('sites_AUSAZUAT_KYM_APP02_name'), '/2023-10-16T12_21_17_5341256')]",
            "dependsOn": [
                "[resourceId('Microsoft.Web/sites', parameters('sites_AUSAZUAT_KYM_APP02_name'))]"
            ]
        },
        {
            "type": "Microsoft.Web/sites/snapshots",
            "apiVersion": "2015-08-01",
            "name": "[concat(parameters('sites_AUSAZUAT_KYM_APP02_name'), '/2023-10-16T13_21_17_5944740')]",
            "dependsOn": [
                "[resourceId('Microsoft.Web/sites', parameters('sites_AUSAZUAT_KYM_APP02_name'))]"
            ]
        },
        {
            "type": "Microsoft.Web/sites/snapshots",
            "apiVersion": "2015-08-01",
            "name": "[concat(parameters('sites_AUSAZUAT_KYM_APP02_name'), '/2023-10-16T14_21_17_5801663')]",
            "dependsOn": [
                "[resourceId('Microsoft.Web/sites', parameters('sites_AUSAZUAT_KYM_APP02_name'))]"
            ]
        },
        {
            "type": "Microsoft.Web/sites/snapshots",
            "apiVersion": "2015-08-01",
            "name": "[concat(parameters('sites_AUSAZUAT_KYM_APP02_name'), '/2023-10-16T15_21_17_5974535')]",
            "dependsOn": [
                "[resourceId('Microsoft.Web/sites', parameters('sites_AUSAZUAT_KYM_APP02_name'))]"
            ]
        },
        {
            "type": "Microsoft.Web/sites/snapshots",
            "apiVersion": "2015-08-01",
            "name": "[concat(parameters('sites_AUSAZUAT_KYM_APP02_name'), '/2023-10-16T16_21_17_6443406')]",
            "dependsOn": [
                "[resourceId('Microsoft.Web/sites', parameters('sites_AUSAZUAT_KYM_APP02_name'))]"
            ]
        },
        {
            "type": "Microsoft.Web/sites/snapshots",
            "apiVersion": "2015-08-01",
            "name": "[concat(parameters('sites_AUSAZUAT_KYM_APP02_name'), '/2023-10-16T17_21_17_6368228')]",
            "dependsOn": [
                "[resourceId('Microsoft.Web/sites', parameters('sites_AUSAZUAT_KYM_APP02_name'))]"
            ]
        },
        {
            "type": "Microsoft.Web/sites/snapshots",
            "apiVersion": "2015-08-01",
            "name": "[concat(parameters('sites_AUSAZUAT_KYM_APP02_name'), '/2023-10-16T18_21_17_7516529')]",
            "dependsOn": [
                "[resourceId('Microsoft.Web/sites', parameters('sites_AUSAZUAT_KYM_APP02_name'))]"
            ]
        },
        {
            "type": "Microsoft.Web/sites/snapshots",
            "apiVersion": "2015-08-01",
            "name": "[concat(parameters('sites_AUSAZUAT_KYM_APP02_name'), '/2023-10-16T19_21_17_6859050')]",
            "dependsOn": [
                "[resourceId('Microsoft.Web/sites', parameters('sites_AUSAZUAT_KYM_APP02_name'))]"
            ]
        },
        {
            "type": "Microsoft.Web/sites/snapshots",
            "apiVersion": "2015-08-01",
            "name": "[concat(parameters('sites_AUSAZUAT_KYM_APP02_name'), '/2023-10-16T20_21_17_6996780')]",
            "dependsOn": [
                "[resourceId('Microsoft.Web/sites', parameters('sites_AUSAZUAT_KYM_APP02_name'))]"
            ]
        },
        {
            "type": "Microsoft.Web/sites/snapshots",
            "apiVersion": "2015-08-01",
            "name": "[concat(parameters('sites_AUSAZUAT_KYM_APP02_name'), '/2023-10-16T21_21_17_7269060')]",
            "dependsOn": [
                "[resourceId('Microsoft.Web/sites', parameters('sites_AUSAZUAT_KYM_APP02_name'))]"
            ]
        },
        {
            "type": "Microsoft.Web/sites/snapshots",
            "apiVersion": "2015-08-01",
            "name": "[concat(parameters('sites_AUSAZUAT_KYM_APP02_name'), '/2023-10-16T22_21_17_7568680')]",
            "dependsOn": [
                "[resourceId('Microsoft.Web/sites', parameters('sites_AUSAZUAT_KYM_APP02_name'))]"
            ]
        },
        {
            "type": "Microsoft.Web/sites/snapshots",
            "apiVersion": "2015-08-01",
            "name": "[concat(parameters('sites_AUSAZUAT_KYM_APP02_name'), '/2023-10-16T23_21_17_7619283')]",
            "dependsOn": [
                "[resourceId('Microsoft.Web/sites', parameters('sites_AUSAZUAT_KYM_APP02_name'))]"
            ]
        },
        {
            "type": "Microsoft.Web/sites/snapshots",
            "apiVersion": "2015-08-01",
            "name": "[concat(parameters('sites_AUSAZUAT_KYM_APP02_name'), '/2023-10-17T00_21_17_7982475')]",
            "dependsOn": [
                "[resourceId('Microsoft.Web/sites', parameters('sites_AUSAZUAT_KYM_APP02_name'))]"
            ]
        },
        {
            "type": "Microsoft.Web/sites/snapshots",
            "apiVersion": "2015-08-01",
            "name": "[concat(parameters('sites_AUSAZUAT_KYM_APP02_name'), '/2023-10-17T01_21_17_8142463')]",
            "dependsOn": [
                "[resourceId('Microsoft.Web/sites', parameters('sites_AUSAZUAT_KYM_APP02_name'))]"
            ]
        },
        {
            "type": "Microsoft.Web/sites/snapshots",
            "apiVersion": "2015-08-01",
            "name": "[concat(parameters('sites_AUSAZUAT_KYM_APP02_name'), '/2023-10-17T02_21_17_8408813')]",
            "dependsOn": [
                "[resourceId('Microsoft.Web/sites', parameters('sites_AUSAZUAT_KYM_APP02_name'))]"
            ]
        },
        {
            "type": "Microsoft.Web/sites/snapshots",
            "apiVersion": "2015-08-01",
            "name": "[concat(parameters('sites_AUSAZUAT_KYM_APP02_name'), '/2023-10-17T03_21_17_9279562')]",
            "dependsOn": [
                "[resourceId('Microsoft.Web/sites', parameters('sites_AUSAZUAT_KYM_APP02_name'))]"
            ]
        },
        {
            "type": "Microsoft.Web/sites/snapshots",
            "apiVersion": "2015-08-01",
            "name": "[concat(parameters('sites_AUSAZUAT_KYM_APP02_name'), '/2023-10-17T04_21_17_9005052')]",
            "dependsOn": [
                "[resourceId('Microsoft.Web/sites', parameters('sites_AUSAZUAT_KYM_APP02_name'))]"
            ]
        },
        {
            "type": "Microsoft.Web/sites/snapshots",
            "apiVersion": "2015-08-01",
            "name": "[concat(parameters('sites_AUSAZUAT_KYM_APP02_name'), '/2023-10-17T05_21_17_9245559')]",
            "dependsOn": [
                "[resourceId('Microsoft.Web/sites', parameters('sites_AUSAZUAT_KYM_APP02_name'))]"
            ]
        },
        {
            "type": "Microsoft.Web/sites/snapshots",
            "apiVersion": "2015-08-01",
            "name": "[concat(parameters('sites_AUSAZUAT_KYM_APP02_name'), '/2023-10-17T06_21_17_9589514')]",
            "dependsOn": [
                "[resourceId('Microsoft.Web/sites', parameters('sites_AUSAZUAT_KYM_APP02_name'))]"
            ]
        },
        {
            "type": "Microsoft.Web/sites/snapshots",
            "apiVersion": "2015-08-01",
            "name": "[concat(parameters('sites_AUSAZUAT_KYM_APP02_name'), '/2023-10-17T07_21_18_0019555')]",
            "dependsOn": [
                "[resourceId('Microsoft.Web/sites', parameters('sites_AUSAZUAT_KYM_APP02_name'))]"
            ]
        },
        {
            "type": "Microsoft.Web/sites/snapshots",
            "apiVersion": "2015-08-01",
            "name": "[concat(parameters('sites_AUSAZUAT_KYM_APP02_name'), '/2023-10-17T08_21_18_0162373')]",
            "dependsOn": [
                "[resourceId('Microsoft.Web/sites', parameters('sites_AUSAZUAT_KYM_APP02_name'))]"
            ]
        },
        {
            "type": "Microsoft.Web/sites/snapshots",
            "apiVersion": "2015-08-01",
            "name": "[concat(parameters('sites_AUSAZUAT_KYM_APP02_name'), '/2023-10-17T09_21_18_0410137')]",
            "dependsOn": [
                "[resourceId('Microsoft.Web/sites', parameters('sites_AUSAZUAT_KYM_APP02_name'))]"
            ]
        },
        {
            "type": "Microsoft.Web/sites/snapshots",
            "apiVersion": "2015-08-01",
            "name": "[concat(parameters('sites_AUSAZUAT_KYM_APP02_name'), '/2023-10-17T10_21_18_0612805')]",
            "dependsOn": [
                "[resourceId('Microsoft.Web/sites', parameters('sites_AUSAZUAT_KYM_APP02_name'))]"
            ]
        },
        {
            "type": "Microsoft.Web/sites/snapshots",
            "apiVersion": "2015-08-01",
            "name": "[concat(parameters('sites_AUSAZUAT_KYM_APP02_name'), '/2023-10-17T11_21_18_0752156')]",
            "dependsOn": [
                "[resourceId('Microsoft.Web/sites', parameters('sites_AUSAZUAT_KYM_APP02_name'))]"
            ]
        },
        {
            "type": "Microsoft.Web/sites/snapshots",
            "apiVersion": "2015-08-01",
            "name": "[concat(parameters('sites_AUSAZUAT_KYM_APP02_name'), '/2023-10-17T12_21_18_1063116')]",
            "dependsOn": [
                "[resourceId('Microsoft.Web/sites', parameters('sites_AUSAZUAT_KYM_APP02_name'))]"
            ]
        },
        {
            "type": "Microsoft.Web/sites/snapshots",
            "apiVersion": "2015-08-01",
            "name": "[concat(parameters('sites_AUSAZUAT_KYM_APP02_name'), '/2023-10-17T13_21_18_1231491')]",
            "dependsOn": [
                "[resourceId('Microsoft.Web/sites', parameters('sites_AUSAZUAT_KYM_APP02_name'))]"
            ]
        },
        {
            "type": "Microsoft.Web/sites/snapshots",
            "apiVersion": "2015-08-01",
            "name": "[concat(parameters('sites_AUSAZUAT_KYM_APP02_name'), '/2023-10-17T14_21_18_1455497')]",
            "dependsOn": [
                "[resourceId('Microsoft.Web/sites', parameters('sites_AUSAZUAT_KYM_APP02_name'))]"
            ]
        },
        {
            "type": "Microsoft.Web/sites/snapshots",
            "apiVersion": "2015-08-01",
            "name": "[concat(parameters('sites_AUSAZUAT_KYM_APP02_name'), '/2023-10-17T15_21_18_1564041')]",
            "dependsOn": [
                "[resourceId('Microsoft.Web/sites', parameters('sites_AUSAZUAT_KYM_APP02_name'))]"
            ]
        },
        {
            "type": "Microsoft.Web/sites/snapshots",
            "apiVersion": "2015-08-01",
            "name": "[concat(parameters('sites_AUSAZUAT_KYM_APP02_name'), '/2023-10-17T16_21_18_1897240')]",
            "dependsOn": [
                "[resourceId('Microsoft.Web/sites', parameters('sites_AUSAZUAT_KYM_APP02_name'))]"
            ]
        },
        {
            "type": "Microsoft.Web/sites/snapshots",
            "apiVersion": "2015-08-01",
            "name": "[concat(parameters('sites_AUSAZUAT_KYM_APP02_name'), '/2023-10-17T17_21_18_2047233')]",
            "dependsOn": [
                "[resourceId('Microsoft.Web/sites', parameters('sites_AUSAZUAT_KYM_APP02_name'))]"
            ]
        },
        {
            "type": "Microsoft.Web/sites/snapshots",
            "apiVersion": "2015-08-01",
            "name": "[concat(parameters('sites_AUSAZUAT_KYM_APP02_name'), '/2023-10-17T18_21_18_2258119')]",
            "dependsOn": [
                "[resourceId('Microsoft.Web/sites', parameters('sites_AUSAZUAT_KYM_APP02_name'))]"
            ]
        },
        {
            "type": "Microsoft.Web/sites/snapshots",
            "apiVersion": "2015-08-01",
            "name": "[concat(parameters('sites_AUSAZUAT_KYM_APP02_name'), '/2023-10-17T19_21_18_2375733')]",
            "dependsOn": [
                "[resourceId('Microsoft.Web/sites', parameters('sites_AUSAZUAT_KYM_APP02_name'))]"
            ]
        },
        {
            "type": "Microsoft.Web/sites/snapshots",
            "apiVersion": "2015-08-01",
            "name": "[concat(parameters('sites_AUSAZUAT_KYM_APP02_name'), '/2023-10-17T20_21_18_2678752')]",
            "dependsOn": [
                "[resourceId('Microsoft.Web/sites', parameters('sites_AUSAZUAT_KYM_APP02_name'))]"
            ]
        },
        {
            "type": "Microsoft.Web/sites/snapshots",
            "apiVersion": "2015-08-01",
            "name": "[concat(parameters('sites_AUSAZUAT_KYM_APP02_name'), '/2023-10-17T21_21_18_2915779')]",
            "dependsOn": [
                "[resourceId('Microsoft.Web/sites', parameters('sites_AUSAZUAT_KYM_APP02_name'))]"
            ]
        },
        {
            "type": "Microsoft.Web/sites/snapshots",
            "apiVersion": "2015-08-01",
            "name": "[concat(parameters('sites_AUSAZUAT_KYM_APP02_name'), '/2023-10-17T22_21_18_3332617')]",
            "dependsOn": [
                "[resourceId('Microsoft.Web/sites', parameters('sites_AUSAZUAT_KYM_APP02_name'))]"
            ]
        },
        {
            "type": "Microsoft.Web/sites/snapshots",
            "apiVersion": "2015-08-01",
            "name": "[concat(parameters('sites_AUSAZUAT_KYM_APP02_name'), '/2023-10-17T23_21_18_3852397')]",
            "dependsOn": [
                "[resourceId('Microsoft.Web/sites', parameters('sites_AUSAZUAT_KYM_APP02_name'))]"
            ]
        },
        {
            "type": "Microsoft.Web/sites/snapshots",
            "apiVersion": "2015-08-01",
            "name": "[concat(parameters('sites_AUSAZUAT_KYM_APP02_name'), '/2023-10-18T00_21_18_3658077')]",
            "dependsOn": [
                "[resourceId('Microsoft.Web/sites', parameters('sites_AUSAZUAT_KYM_APP02_name'))]"
            ]
        },
        {
            "type": "Microsoft.Web/sites/snapshots",
            "apiVersion": "2015-08-01",
            "name": "[concat(parameters('sites_AUSAZUAT_KYM_APP02_name'), '/2023-10-18T01_21_18_3960151')]",
            "dependsOn": [
                "[resourceId('Microsoft.Web/sites', parameters('sites_AUSAZUAT_KYM_APP02_name'))]"
            ]
        },
        {
            "type": "Microsoft.Web/sites/snapshots",
            "apiVersion": "2015-08-01",
            "name": "[concat(parameters('sites_AUSAZUAT_KYM_APP02_name'), '/2023-10-18T02_21_18_4272235')]",
            "dependsOn": [
                "[resourceId('Microsoft.Web/sites', parameters('sites_AUSAZUAT_KYM_APP02_name'))]"
            ]
        },
        {
            "type": "Microsoft.Web/sites/snapshots",
            "apiVersion": "2015-08-01",
            "name": "[concat(parameters('sites_AUSAZUAT_KYM_APP02_name'), '/2023-10-18T03_21_18_4211513')]",
            "dependsOn": [
                "[resourceId('Microsoft.Web/sites', parameters('sites_AUSAZUAT_KYM_APP02_name'))]"
            ]
        },
        {
            "type": "Microsoft.Web/sites/snapshots",
            "apiVersion": "2015-08-01",
            "name": "[concat(parameters('sites_AUSAZUAT_KYM_APP02_name'), '/2023-10-18T04_21_18_4552666')]",
            "dependsOn": [
                "[resourceId('Microsoft.Web/sites', parameters('sites_AUSAZUAT_KYM_APP02_name'))]"
            ]
        },
        {
            "type": "Microsoft.Web/sites/snapshots",
            "apiVersion": "2015-08-01",
            "name": "[concat(parameters('sites_AUSAZUAT_KYM_APP02_name'), '/2023-10-18T05_21_18_4830944')]",
            "dependsOn": [
                "[resourceId('Microsoft.Web/sites', parameters('sites_AUSAZUAT_KYM_APP02_name'))]"
            ]
        },
        {
            "type": "Microsoft.Web/sites/snapshots",
            "apiVersion": "2015-08-01",
            "name": "[concat(parameters('sites_AUSAZUAT_KYM_APP02_name'), '/2023-10-18T06_21_18_5161007')]",
            "dependsOn": [
                "[resourceId('Microsoft.Web/sites', parameters('sites_AUSAZUAT_KYM_APP02_name'))]"
            ]
        },
        {
            "type": "Microsoft.Web/sites/snapshots",
            "apiVersion": "2015-08-01",
            "name": "[concat(parameters('sites_AUSAZUAT_KYM_APP02_name'), '/2023-10-18T07_21_18_5401081')]",
            "dependsOn": [
                "[resourceId('Microsoft.Web/sites', parameters('sites_AUSAZUAT_KYM_APP02_name'))]"
            ]
        },
        {
            "type": "Microsoft.Web/sites/snapshots",
            "apiVersion": "2015-08-01",
            "name": "[concat(parameters('sites_AUSAZUAT_KYM_APP02_name'), '/2023-10-18T08_21_18_6011264')]",
            "dependsOn": [
                "[resourceId('Microsoft.Web/sites', parameters('sites_AUSAZUAT_KYM_APP02_name'))]"
            ]
        },
        {
            "type": "Microsoft.Web/sites/snapshots",
            "apiVersion": "2015-08-01",
            "name": "[concat(parameters('sites_AUSAZUAT_KYM_APP02_name'), '/2023-10-18T09_21_18_6011203')]",
            "dependsOn": [
                "[resourceId('Microsoft.Web/sites', parameters('sites_AUSAZUAT_KYM_APP02_name'))]"
            ]
        },
        {
            "type": "Microsoft.Web/sites/snapshots",
            "apiVersion": "2015-08-01",
            "name": "[concat(parameters('sites_AUSAZUAT_KYM_APP02_name'), '/2023-10-18T10_21_18_6112798')]",
            "dependsOn": [
                "[resourceId('Microsoft.Web/sites', parameters('sites_AUSAZUAT_KYM_APP02_name'))]"
            ]
        },
        {
            "type": "Microsoft.Web/sites/snapshots",
            "apiVersion": "2015-08-01",
            "name": "[concat(parameters('sites_AUSAZUAT_KYM_APP02_name'), '/2023-10-18T11_21_18_6384453')]",
            "dependsOn": [
                "[resourceId('Microsoft.Web/sites', parameters('sites_AUSAZUAT_KYM_APP02_name'))]"
            ]
        },
        {
            "type": "Microsoft.Web/sites/snapshots",
            "apiVersion": "2015-08-01",
            "name": "[concat(parameters('sites_AUSAZUAT_KYM_APP02_name'), '/2023-10-18T12_21_18_6673837')]",
            "dependsOn": [
                "[resourceId('Microsoft.Web/sites', parameters('sites_AUSAZUAT_KYM_APP02_name'))]"
            ]
        },
        {
            "type": "Microsoft.Web/sites/snapshots",
            "apiVersion": "2015-08-01",
            "name": "[concat(parameters('sites_AUSAZUAT_KYM_APP02_name'), '/2023-10-18T13_21_18_6766742')]",
            "dependsOn": [
                "[resourceId('Microsoft.Web/sites', parameters('sites_AUSAZUAT_KYM_APP02_name'))]"
            ]
        },
        {
            "type": "Microsoft.Web/sites/snapshots",
            "apiVersion": "2015-08-01",
            "name": "[concat(parameters('sites_AUSAZUAT_KYM_APP02_name'), '/2023-10-18T14_21_18_7027740')]",
            "dependsOn": [
                "[resourceId('Microsoft.Web/sites', parameters('sites_AUSAZUAT_KYM_APP02_name'))]"
            ]
        },
        {
            "type": "Microsoft.Web/sites/snapshots",
            "apiVersion": "2015-08-01",
            "name": "[concat(parameters('sites_AUSAZUAT_KYM_APP02_name'), '/2023-10-18T15_21_18_7270947')]",
            "dependsOn": [
                "[resourceId('Microsoft.Web/sites', parameters('sites_AUSAZUAT_KYM_APP02_name'))]"
            ]
        },
        {
            "type": "Microsoft.Web/sites/snapshots",
            "apiVersion": "2015-08-01",
            "name": "[concat(parameters('sites_AUSAZUAT_KYM_APP02_name'), '/2023-10-18T16_21_18_7563423')]",
            "dependsOn": [
                "[resourceId('Microsoft.Web/sites', parameters('sites_AUSAZUAT_KYM_APP02_name'))]"
            ]
        },
        {
            "type": "Microsoft.Web/sites/snapshots",
            "apiVersion": "2015-08-01",
            "name": "[concat(parameters('sites_AUSAZUAT_KYM_APP02_name'), '/2023-10-18T17_21_18_7788115')]",
            "dependsOn": [
                "[resourceId('Microsoft.Web/sites', parameters('sites_AUSAZUAT_KYM_APP02_name'))]"
            ]
        },
        {
            "type": "Microsoft.Web/sites/snapshots",
            "apiVersion": "2015-08-01",
            "name": "[concat(parameters('sites_AUSAZUAT_KYM_APP02_name'), '/2023-10-18T18_21_18_8111270')]",
            "dependsOn": [
                "[resourceId('Microsoft.Web/sites', parameters('sites_AUSAZUAT_KYM_APP02_name'))]"
            ]
        },
        {
            "type": "Microsoft.Web/sites/snapshots",
            "apiVersion": "2015-08-01",
            "name": "[concat(parameters('sites_AUSAZUAT_KYM_APP02_name'), '/2023-10-18T19_21_18_8226434')]",
            "dependsOn": [
                "[resourceId('Microsoft.Web/sites', parameters('sites_AUSAZUAT_KYM_APP02_name'))]"
            ]
        },
        {
            "type": "Microsoft.Web/sites/snapshots",
            "apiVersion": "2015-08-01",
            "name": "[concat(parameters('sites_AUSAZUAT_KYM_APP02_name'), '/2023-10-18T20_21_18_8478631')]",
            "dependsOn": [
                "[resourceId('Microsoft.Web/sites', parameters('sites_AUSAZUAT_KYM_APP02_name'))]"
            ]
        },
        {
            "type": "Microsoft.Web/sites/snapshots",
            "apiVersion": "2015-08-01",
            "name": "[concat(parameters('sites_AUSAZUAT_KYM_APP02_name'), '/2023-10-18T21_21_18_8852222')]",
            "dependsOn": [
                "[resourceId('Microsoft.Web/sites', parameters('sites_AUSAZUAT_KYM_APP02_name'))]"
            ]
        },
        {
            "type": "Microsoft.Web/sites/snapshots",
            "apiVersion": "2015-08-01",
            "name": "[concat(parameters('sites_AUSAZUAT_KYM_APP02_name'), '/2023-10-18T22_21_18_9142697')]",
            "dependsOn": [
                "[resourceId('Microsoft.Web/sites', parameters('sites_AUSAZUAT_KYM_APP02_name'))]"
            ]
        },
        {
            "type": "Microsoft.Web/sites/snapshots",
            "apiVersion": "2015-08-01",
            "name": "[concat(parameters('sites_AUSAZUAT_KYM_APP02_name'), '/2023-10-18T23_21_18_9424461')]",
            "dependsOn": [
                "[resourceId('Microsoft.Web/sites', parameters('sites_AUSAZUAT_KYM_APP02_name'))]"
            ]
        },
        {
            "type": "Microsoft.Web/sites/snapshots",
            "apiVersion": "2015-08-01",
            "name": "[concat(parameters('sites_AUSAZUAT_KYM_APP02_name'), '/2023-10-19T00_21_18_9593770')]",
            "dependsOn": [
                "[resourceId('Microsoft.Web/sites', parameters('sites_AUSAZUAT_KYM_APP02_name'))]"
            ]
        },
        {
            "type": "Microsoft.Web/sites/snapshots",
            "apiVersion": "2015-08-01",
            "name": "[concat(parameters('sites_AUSAZUAT_KYM_APP02_name'), '/2023-10-19T01_21_18_9876029')]",
            "dependsOn": [
                "[resourceId('Microsoft.Web/sites', parameters('sites_AUSAZUAT_KYM_APP02_name'))]"
            ]
        },
        {
            "type": "Microsoft.Web/sites/snapshots",
            "apiVersion": "2015-08-01",
            "name": "[concat(parameters('sites_AUSAZUAT_KYM_APP02_name'), '/2023-10-19T02_21_19_0185931')]",
            "dependsOn": [
                "[resourceId('Microsoft.Web/sites', parameters('sites_AUSAZUAT_KYM_APP02_name'))]"
            ]
        },
        {
            "type": "Microsoft.Web/sites/snapshots",
            "apiVersion": "2015-08-01",
            "name": "[concat(parameters('sites_AUSAZUAT_KYM_APP02_name'), '/2023-10-19T03_21_19_0417114')]",
            "dependsOn": [
                "[resourceId('Microsoft.Web/sites', parameters('sites_AUSAZUAT_KYM_APP02_name'))]"
            ]
        },
        {
            "type": "Microsoft.Web/sites/snapshots",
            "apiVersion": "2015-08-01",
            "name": "[concat(parameters('sites_AUSAZUAT_KYM_APP02_name'), '/2023-10-19T04_21_19_0707273')]",
            "dependsOn": [
                "[resourceId('Microsoft.Web/sites', parameters('sites_AUSAZUAT_KYM_APP02_name'))]"
            ]
        },
        {
            "type": "Microsoft.Web/sites/snapshots",
            "apiVersion": "2015-08-01",
            "name": "[concat(parameters('sites_AUSAZUAT_KYM_APP02_name'), '/2023-10-19T05_21_19_0858810')]",
            "dependsOn": [
                "[resourceId('Microsoft.Web/sites', parameters('sites_AUSAZUAT_KYM_APP02_name'))]"
            ]
        },
        {
            "type": "Microsoft.Web/sites/snapshots",
            "apiVersion": "2015-08-01",
            "name": "[concat(parameters('sites_AUSAZUAT_KYM_APP02_name'), '/2023-10-19T06_21_19_1119630')]",
            "dependsOn": [
                "[resourceId('Microsoft.Web/sites', parameters('sites_AUSAZUAT_KYM_APP02_name'))]"
            ]
        },
        {
            "type": "Microsoft.Web/sites/virtualNetworkConnections",
            "apiVersion": "2022-09-01",
            "name": "[concat(parameters('sites_AUSAZUAT_KYM_APP02_name'), '/32724297-a9da-4a2b-ab12-a6241bb64ed9_KYM-WEB-SN04')]",
            "location": "Australia East",
            "dependsOn": [
                "[resourceId('Microsoft.Web/sites', parameters('sites_AUSAZUAT_KYM_APP02_name'))]"
            ],
            "properties": {
                "vnetResourceId": "[concat(parameters('virtualNetworks_AUSAZUAT_KYM_VNET_externalid'), '/subnets/KYM-WEB-SN04')]",
                "isSwift": true
            }
        }
    ]
}