{
  "$schema": "https://schema.management.azure.com/schemas/2019-04-01/deploymentTemplate.json#",
  "contentVersion": "1.0.0.0",
  "parameters": {
    "appName": {
        "type": "string"
    },
    "aspName": {
        "type": "string"
    },
    "rgLocation": {
        "type": "string"
    },
    "linuxFxVersion": {
        "type": "string"
    },
    "tags":{
        "type":"object",
            "metadata":{
                "description":"A list of tags to apply to all resources."
            }
    },
    "APPINSIGHTS_INSTRUMENTATIONKEY": {
        "type": "string"
    },
    "APPINSIGHTS_PROFILERFEATURE_VERSION": {
        "type": "string"
    },
    "APPINSIGHTS_SNAPSHOTFEATURE_VERSION": {
        "type": "string"
    },
    "APPLICATIONINSIGHTS_CONFIGURATION_CONTENT": {
        "type": "string"
    },
    "APPLICATIONINSIGHTS_CONNECTION_STRING": {
        "type": "string"
    },
    "ApplicationInsightsAgent_EXTENSION_VERSION": {
        "type": "string"
    },
    "COSMOS_DB_ENDPOINT": {
        "type": "string"
    },
    "COSMOS_DB_KEY": {
        "type": "string"
    },
    "COSMOS_DB_NAME": {
        "type": "string"
    },
    "COSMOS_MONGODB_DB_NAME": {
        "type": "string"
    },
    "COSMOS_MONGODB_ENDPOINT": {
        "type": "string"
    },
    "COSMOS_MONGODB_KEY": {
        "type": "string"
    },
    "COSMOS_MONGODB_NAME": {
        "type": "string"
    },
    "DiagnosticServices_EXTENSION_VERSION": {
        "type": "string"
    },
    "DOCKER_ENABLE_CI": {
        "type": "bool"
    },
    "DOCKER_REGISTRY_SERVER_PASSWORD": {
        "type": "string"
    },
    "DOCKER_REGISTRY_SERVER_URL": {
        "type": "string"
    },
    "DOCKER_REGISTRY_SERVER_USERNAME": {
        "type": "string"
    },
    "InstrumentationEngine_EXTENSION_VERSION": {
        "type": "string"
    },
    "OPENAI_API_BASE": {
        "type": "string"
    },
    "OPENAI_API_BASE_EMBEDDING": {
        "type": "string"
    },
    "OPENAI_API_BASE_QUERY": {
        "type": "string"
    },
    "OPENAI_API_KEY": {
        "type": "string"
    },
    "OPENAI_API_TYPE": {
        "type": "string"
    },
    "OPENAI_API_VERSION": {
        "type": "string"
    },
    "SnapshotDebugger_EXTENSION_VERSION": {
        "type": "string"
    },
    "WEBSITE_HTTPLOGGING_RETENTION_DAYS": {
        "type": "string"
    },
    "WEBSITES_ENABLE_APP_SERVICE_STORAGE": {
        "type": "bool"
    },
    "XDT_MicrosoftApplicationInsights_BaseExtensions": {
        "type": "string"
    },
    "XDT_MicrosoftApplicationInsights_Mode": {
        "type": "string"
    },
    "XDT_MicrosoftApplicationInsights_PreemptSdk": {
        "type": "string"
    },
    "OTEL_PYTHON_DISABLED_INSTRUMENTATIONS": {
        "type": "bool"
    }
  },
  "variables": {},
  "resources": [
      {
          "type": "Microsoft.Web/sites",
          "apiVersion": "2022-09-01",
          "name": "[parameters('appName')]",
          "location": "[parameters('rgLocation')]",
          "tags": "[parameters('tags')]",
          "kind": "app,linux,container",
          "identity": {
              "type": "SystemAssigned"
          },
          "properties": {
              "enabled": true,
              "hostNameSslStates": [
                  {
                      "name": "[concat(parameters('appName'), '.azurewebsites.net')]",
                      "sslState": "Disabled",
                      "hostType": "Standard"
                  },
                  {
                      "name": "[concat(parameters('appName'), '.scm.azurewebsites.net')]",
                      "sslState": "Disabled",
                      "hostType": "Repository"
                  }
              ],
              "serverFarmId": "[parameters('aspName')]",
              "reserved": true,
              "isXenon": false,
              "hyperV": false,
              "vnetRouteAllEnabled": false,
              "vnetImagePullEnabled": false,
              "vnetContentShareEnabled": false,
              "siteConfig": {
                  "numberOfWorkers": 1,
                  "linuxFxVersion": "[parameters('linuxFxVersion')]",
                  "acrUseManagedIdentityCreds": false,
                  "alwaysOn": false,
                  "http20Enabled": false,
                  "functionAppScaleLimit": 0,
                  "minimumElasticInstanceCount": 3,
                  "appSettings": [
                    {
                        "name": "APPINSIGHTS_INSTRUMENTATIONKEY",
                        "type": "[parameters('APPINSIGHTS_INSTRUMENTATIONKEY')]"
                    },
                    {
                        "name": "APPINSIGHTS_PROFILERFEATURE_VERSION",
                        "type": "[parameters('APPINSIGHTS_PROFILERFEATURE_VERSION')]"
                    },
                    {
                        "name": "APPINSIGHTS_SNAPSHOTFEATURE_VERSION",
                        "type": "[parameters('APPINSIGHTS_SNAPSHOTFEATURE_VERSION')]"
                    },
                    {
                        "name": "APPLICATIONINSIGHTS_CONFIGURATION_CONTENT",
                        "type": "[parameters('APPLICATIONINSIGHTS_CONFIGURATION_CONTENT')]"
                    },
                    {
                        "name": "APPLICATIONINSIGHTS_CONNECTION_STRING",
                        "type": "[parameters('APPLICATIONINSIGHTS_CONNECTION_STRING')]"
                    },
                    {
                        "name": "ApplicationInsightsAgent_EXTENSION_VERSION",
                        "type": "[parameters('ApplicationInsightsAgent_EXTENSION_VERSION')]"
                    },
                    {
                        "name": "COSMOS_DB_ENDPOINT",
                        "type": "[parameters('COSMOS_DB_ENDPOINT')]"
                    },
                    {
                        "name": "COSMOS_DB_KEY",
                        "type": "[parameters('COSMOS_DB_KEY')]"
                    },
                      {
                        "name": "COSMOS_DB_NAME",
                        "type": "[parameters('COSMOS_DB_NAME')]"
                    },
                    {
                        "name": "COSMOS_MONGODB_DB_NAME",
                        "type": "[parameters('COSMOS_MONGODB_DB_NAME')]"
                    },
                    {
                        "name": "COSMOS_MONGODB_ENDPOINT",
                        "type": "[parameters('COSMOS_MONGODB_ENDPOINT')]"
                    },
                      {
                        "name": "COSMOS_MONGODB_KEY",
                        "type": "[parameters('COSMOS_MONGODB_KEY')]"
                    },
                    {
                        "name": "COSMOS_MONGODB_NAME",
                        "type": "[parameters('COSMOS_MONGODB_NAME')]"
                    },
                    {
                        "name": "DiagnosticServices_EXTENSION_VERSION",
                        "type": "[parameters('DiagnosticServices_EXTENSION_VERSION')]"
                    },
                      {
                        "name": "DOCKER_ENABLE_CI",
                        "type": "[parameters('DOCKER_ENABLE_CI')]"
                    },
                    {
                        "name": "DOCKER_REGISTRY_SERVER_PASSWORD",
                        "type": "[parameters('DOCKER_REGISTRY_SERVER_PASSWORD')]"
                    },
                    {
                        "name": "DOCKER_REGISTRY_SERVER_URL",
                        "type": "[parameters('DOCKER_REGISTRY_SERVER_URL')]"
                    },
                      {
                        "name": "DOCKER_REGISTRY_SERVER_USERNAME",
                        "type": "[parameters('DOCKER_REGISTRY_SERVER_USERNAME')]"
                    },
                    {
                        "name": "InstrumentationEngine_EXTENSION_VERSION",
                        "type": "[parameters('InstrumentationEngine_EXTENSION_VERSION')]"
                    },
                    {
                        "name": "OPENAI_API_BASE",
                        "type": "[parameters('OPENAI_API_BASE')]"
                    },
                      {
                        "name": "OPENAI_API_BASE_EMBEDDING",
                        "type": "[parameters('OPENAI_API_BASE_EMBEDDING')]"
                    },
                    {
                        "name": "OPENAI_API_BASE_QUERY",
                        "type": "[parameters('OPENAI_API_BASE_QUERY')]"
                    },
                    {
                        "name": "OPENAI_API_KEY",
                        "type": "[parameters('OPENAI_API_KEY')]"
                    },
                     {
                        "name": "OPENAI_API_TYPE",
                        "type": "[parameters('OPENAI_API_TYPE')]"
                    },
                    {
                        "name": "OPENAI_API_VERSION",
                        "type": "[parameters('OPENAI_API_VERSION')]"
                    },
                    {
                        "name": "SnapshotDebugger_EXTENSION_VERSION",
                        "type": "[parameters('SnapshotDebugger_EXTENSION_VERSION')]"
                    },
                     {
                        "name": "WEBSITE_HTTPLOGGING_RETENTION_DAYS",
                        "type": "[parameters('WEBSITE_HTTPLOGGING_RETENTION_DAYS')]"
                    },
                    {
                        "name": "WEBSITES_ENABLE_APP_SERVICE_STORAGE",
                        "type": "[parameters('WEBSITES_ENABLE_APP_SERVICE_STORAGE')]"
                    },
                    {
                        "name": "XDT_MicrosoftApplicationInsights_BaseExtensions",
                        "type": "[parameters('XDT_MicrosoftApplicationInsights_BaseExtensions')]"
                    },
                     {
                        "name": "XDT_MicrosoftApplicationInsights_Mode",
                        "type": "[parameters('XDT_MicrosoftApplicationInsights_Mode')]"
                    },
                    {
                        "name": "XDT_MicrosoftApplicationInsights_PreemptSdk",
                        "type": "[parameters('XDT_MicrosoftApplicationInsights_PreemptSdk')]"
                    },
                    {
                        "name": "OTEL_PYTHON_DISABLED_INSTRUMENTATIONS",
                        "type": "[parameters('OTEL_PYTHON_DISABLED_INSTRUMENTATIONS')]"
                    }
                ]
              },
              "scmSiteAlsoStopped": false,
              "clientAffinityEnabled": false,
              "clientCertEnabled": false,
              "clientCertMode": "Required",
              "hostNamesDisabled": false,
              "customDomainVerificationId": "D4842581086BE9DB8B0C6E54A81D7196D13F09E7B94CB9E1A20A21C3B078831D",
              "containerSize": 0,
              "dailyMemoryTimeQuota": 0,
              "httpsOnly": true,
              "redundancyMode": "None",
              "publicNetworkAccess": "Enabled",
              "storageAccountRequired": false,
              "keyVaultReferenceIdentity": "SystemAssigned"
          }
      },
      {
          "type": "Microsoft.Web/sites/basicPublishingCredentialsPolicies",
          "apiVersion": "2022-09-01",
          "name": "[concat(parameters('appName'), '/ftp')]",
          "location": "[parameters('rgLocation')]",
          "dependsOn": [
              "[resourceId('Microsoft.Web/sites', parameters('appName'))]"
          ],
          "properties": {
              "allow": true
          }
      },
      {
          "type": "Microsoft.Web/sites/basicPublishingCredentialsPolicies",
          "apiVersion": "2022-09-01",
          "name": "[concat(parameters('appName'), '/scm')]",
          "location": "[parameters('rgLocation')]",
          "dependsOn": [
              "[resourceId('Microsoft.Web/sites', parameters('appName'))]"
          ],
          "properties": {
              "allow": true
          }
      },
      {
          "type": "Microsoft.Web/sites/config",
          "apiVersion": "2022-09-01",
          "name": "[concat(parameters('appName'), '/web')]",
          "location": "[parameters('rgLocation')]",
          "dependsOn": [
              "[resourceId('Microsoft.Web/sites', parameters('appName'))]"
          ],
          "properties": {
              "numberOfWorkers": 1,
              "defaultDocuments": [
                  "Default.htm",
                  "Default.html",
                  "Default.asp",
                  "index.htm",
                  "index.html",
                  "iisstart.htm",
                  "default.aspx",
                  "index.php",
                  "hostingstart.html"
              ],
              "netFrameworkVersion": "v4.0",
              "linuxFxVersion": "[parameters('linuxFxVersion')]",
              "requestTracingEnabled": false,
              "remoteDebuggingEnabled": false,
              "remoteDebuggingVersion": "VS2019",
              "httpLoggingEnabled": true,
              "acrUseManagedIdentityCreds": false,
              "logsDirectorySizeLimit": 35,
              "detailedErrorLoggingEnabled": false,
              "publishingUsername": "$kymapi",
              "scmType": "None",
              "use32BitWorkerProcess": true,
              "webSocketsEnabled": false,
              "alwaysOn": false,
              "managedPipelineMode": "Integrated",
              "virtualApplications": [
                  {
                      "virtualPath": "/",
                      "physicalPath": "site\\wwwroot",
                      "preloadEnabled": false
                  }
              ],
              "loadBalancing": "LeastRequests",
              "experiments": {
                  "rampUpRules": []
              },
              "autoHealEnabled": false,
              "vnetRouteAllEnabled": false,
              "vnetPrivatePortsCount": 0,
              "publicNetworkAccess": "Enabled",
              "cors": {
                  "allowedOrigins": [
                      "*"
                  ],
                  "supportCredentials": false
              },
              "apiManagementConfig": {},
              "localMySqlEnabled": false,
              "managedServiceIdentityId": 9058,
              "ipSecurityRestrictions": [
                  {
                      "ipAddress": "Any",
                      "action": "Allow",
                      "priority": 2147483647,
                      "name": "Allow all",
                      "description": "Allow all access"
                  }
              ],
              "ipSecurityRestrictionsDefaultAction": "Allow",
              "scmIpSecurityRestrictions": [
                  {
                      "ipAddress": "Any",
                      "action": "Allow",
                      "priority": 2147483647,
                      "name": "Allow all",
                      "description": "Allow all access"
                  }
              ],
              "scmIpSecurityRestrictionsDefaultAction": "Allow",
              "scmIpSecurityRestrictionsUseMain": false,
              "http20Enabled": false,
              "minTlsVersion": "1.2",
              "scmMinTlsVersion": "1.2",
              "ftpsState": "FtpsOnly",
              "preWarmedInstanceCount": 0,
              "elasticWebAppScaleLimit": 0,
              "functionsRuntimeScaleMonitoringEnabled": false,
              "minimumElasticInstanceCount": 3,
              "azureStorageAccounts": {}
          }
      },
      {
          "type": "Microsoft.Web/sites/hostNameBindings",
          "apiVersion": "2022-09-01",
          "name": "[concat(parameters('appName'), '/', parameters('appName'), '.azurewebsites.net')]",
          "location": "[parameters('rgLocation')]",
          "dependsOn": [
              "[resourceId('Microsoft.Web/sites', parameters('appName'))]"
          ],
          "properties": {
              "siteName": "[parameters('appName')]",
              "hostNameType": "Verified"
          }
      }
  ]
}