{
    "$schema": "https://schema.management.azure.com/schemas/2019-04-01/deploymentParameters.json#",
    "contentVersion": "1.0.0.0",
    "parameters": {
        "sites_AUSAZUAT_KYM_APP02_name": {
            "value": "AUSAZUAT-KYM-APP02"
        },
        "serverfarms_AUSAZUAT_KYM_ASP02_externalid": {
            "value": "/subscriptions/162a210b-b3ca-4068-833e-47d36c22f2da/resourceGroups/AUSAZUAT-KYM-RG01/providers/Microsoft.Web/serverfarms/AUSAZUAT-KYM-ASP02"
        },
        "virtualNetworks_AUSAZUAT_KYM_VNET_externalid": {
            "value": "/subscriptions/162a210b-b3ca-4068-833e-47d36c22f2da/resourceGroups/AUSAZUAT-KYM-RG01/providers/Microsoft.Network/virtualNetworks/AUSAZUAT-KYM-VNET"
        },
        "APPINSIGHTS_INSTRUMENTATIONKEY": {
            "value": "9f775a59-1769-49c4-b991-66cafdfc1e8e"
        },
        "APPINSIGHTS_PROFILERFEATURE_VERSION": {
            "value": "1.0.0"
        },
        "APPINSIGHTS_SNAPSHOTFEATURE_VERSION": {
            "value": "1.0.0"
        },
        "APPLICATIONINSIGHTS_CONFIGURATION_CONTENT": {
            "value": "false"
        },
        "APPLICATIONINSIGHTS_CONNECTION_STRING": {
            "value": "InstrumentationKey=9f775a59-1769-49c4-b991-66cafdfc1e8e;IngestionEndpoint=https://australiaeast-0.in.applicationinsights.azure.com/;LiveEndpoint=https://australiaeast.livediagnostics.monitor.azure.com/"
        },
        "ApplicationInsightsAgent_EXTENSION_VERSION": {
            "value": "~3"
        },
        "COSMOS_DB_ENDPOINT": {
            "value": "https://ausazuatkymcosmosdb01.documents.azure.com:443/"
        },
        "COSMOS_DB_KEY": {
            "value": ""
        },
        "COSMOS_DB_NAME": {
            "value": "kym"
        },
        "COSMOS_MONGODB_DB_NAME": {
            "value": "kymchatEmbeddings"
        },
        "COSMOS_MONGODB_ENDPOINT": {
            "value": "ausazuatmongodb01.mongocluster.cosmos.azure.com"
        },
        "COSMOS_MONGODB_KEY": {
            "value": "MongoPassword1"
        },
        "COSMOS_MONGODB_NAME": {
            "value": "kymadmin"
        },
        "DiagnosticServices_EXTENSION_VERSION": {
            "value": "~3"
        },
        "DOCKER_ENABLE_CI": {
            "value": true
        },
        "DOCKER_REGISTRY_SERVER_PASSWORD": {
            "value": ""
        },
        "DOCKER_REGISTRY_SERVER_URL": {
            "value": "https://ausazuatkymctacr01.azurecr.io"
        },
        "DOCKER_REGISTRY_SERVER_USERNAME": {
            "value": "ausazuatkymctacr01"
        },
        "InstrumentationEngine_EXTENSION_VERSION": {
            "value": "disabled"
        },
        "OPENAI_API_BASE": {
            "value": "https://ausazuat-kym-openai.openai.azure.com/"
        },
        "OPENAI_API_BASE_EMBEDDING": {
            "value": "https://ausazuat-kym-openai.openai.azure.com/"
        },
        "OPENAI_API_BASE_QUERY": {
            "value": "https://ausazuat-kym-openai.openai.azure.com/"
        },
        "OPENAI_API_KEY": {
            "value": ""
        },
        "OPENAI_API_TYPE": {
            "value": "azure_ad"
        },
        "OPENAI_API_VERSION": {
            "value": "2023-05-15"
        },
        "SnapshotDebugger_EXTENSION_VERSION": {
            "value": "disabled"
        },
        "WEBSITE_HTTPLOGGING_RETENTION_DAYS": {
            "value": "30"
        },
        "WEBSITES_ENABLE_APP_SERVICE_STORAGE": {
            "value": false
        },
        "XDT_MicrosoftApplicationInsights_BaseExtensions": {
            "value": "disabled"
        },
        "XDT_MicrosoftApplicationInsights_Mode": {
            "value": "recommended"
        },
        "XDT_MicrosoftApplicationInsights_PreemptSdk": {
            "value": "disabled"
        },
        "OTEL_PYTHON_DISABLED_INSTRUMENTATIONS": {
            "value": true
        }
    }
}